filename,geometry,temperature,aspect_ratio,size,sat_mag,num_raw_points,num_diagram_points
geometry_oblate_T20_ar0p166667_size45.csv,oblate,20,0.166667,45,480767.837,5151,10201
geometry_oblate_T20_ar0p25_size45.csv,oblate,20,0.25,45,480767.837,5151,10201
geometry_oblate_T20_ar0p5_size45.csv,oblate,20,0.5,45,480767.837,5151,10201
geometry_oblate_T20_ar0p666667_size45.csv,oblate,20,0.666667,45,480767.837,5151,10201
geometry_oblate_T20_ar0p909091_size45.csv,oblate,20,0.909091,45,480767.837,5151,10201
geometry_prolate_T20_ar1p0_size45.csv,prolate,20,1.0,45,480767.837,5151,10201
geometry_prolate_T20_ar1p25_size45.csv,prolate,20,1.25,45,480767.837,5151,10201
geometry_prolate_T20_ar1p5_size45.csv,prolate,20,1.5,45,480767.837,5151,10201
geometry_prolate_T20_ar1p75_size45.csv,prolate,20,1.75,45,480767.837,5151,10201
geometry_prolate_T20_ar2p0_size45.csv,prolate,20,2.0,45,480767.837,5151,10201
geometry_prolate_T20_ar2p25_size45.csv,prolate,20,2.25,45,480767.837,5151,10201
geometry_prolate_T20_ar2p5_size45.csv,prolate,20,2.5,45,480767.837,5151,10201
geometry_prolate_T20_ar2p75_size45.csv,prolate,20,2.75,45,480767.837,5151,10201
geometry_prolate_T20_ar6p0_size45.csv,prolate,20,6.0,45,480767.837,5151,10201
geometry_prolate_T20_ar1p0_size50.csv,prolate,20,1.0,50,480767.837,5151,10201
geometry_prolate_T20_ar1p05_size50.csv,prolate,20,1.05,50,480767.837,5151,10201
geometry_prolate_T20_ar1p1_size50.csv,prolate,20,1.1,50,480767.837,5151,10201
geometry_prolate_T20_ar1p15_size50.csv,prolate,20,1.15,50,480767.837,5151,10201
geometry_prolate_T20_ar1p2_size50.csv,prolate,20,1.2,50,480767.837,5151,10201
geometry_prolate_T20_ar1p25_size50.csv,prolate,20,1.25,50,480767.837,5151,10201
geometry_prolate_T20_ar1p3_size50.csv,prolate,20,1.3,50,480767.837,5151,10201
geometry_prolate_T20_ar1p35_size50.csv,prolate,20,1.35,50,480767.837,5151,10201
geometry_prolate_T20_ar1p4_size50.csv,prolate,20,1.4,50,480767.837,5151,10201
geometry_prolate_T20_ar1p45_size50.csv,prolate,20,1.45,50,480767.837,5151,10201
geometry_prolate_T20_ar1p5_size50.csv,prolate,20,1.5,50,480767.837,5151,10201
geometry_prolate_T20_ar1p55_size50.csv,prolate,20,1.55,50,480767.837,5151,10201
geometry_prolate_T20_ar1p6_size50.csv,prolate,20,1.6,50,480767.837,5151,10201
geometry_prolate_T20_ar1p65_size50.csv,prolate,20,1.65,50,480767.837,5151,10201
geometry_prolate_T20_ar1p7_size50.csv,prolate,20,1.7,50,480767.837,5151,10201
geometry_prolate_T20_ar1p75_size50.csv,prolate,20,1.75,50,480767.837,5151,10201
geometry_prolate_T20_ar1p8_size50.csv,prolate,20,1.8,50,480767.837,5151,10201
geometry_prolate_T20_ar1p85_size50.csv,prolate,20,1.85,50,480767.837,5151,10201
geometry_prolate_T20_ar1p9_size50.csv,prolate,20,1.9,50,480767.837,5151,10201
geometry_prolate_T20_ar1p95_size50.csv,prolate,20,1.95,50,480767.837,5151,10201
geometry_prolate_T20_ar2p0_size50.csv,prolate,20,2.0,50,480767.837,5151,10201
geometry_prolate_T20_ar2p25_size50.csv,prolate,20,2.25,50,480767.837,5151,10201
geometry_prolate_T20_ar2p5_size50.csv,prolate,20,2.5,50,480767.837,5151,10201
geometry_prolate_T20_ar2p75_size50.csv,prolate,20,2.75,50,480767.837,5151,10201
geometry_prolate_T20_ar3p0_size50.csv,prolate,20,3.0,50,480767.837,5151,10201
geometry_prolate_T20_ar4p0_size50.csv,prolate,20,4.0,50,480767.837,5151,10201
geometry_prolate_T20_ar5p0_size50.csv,prolate,20,5.0,50,480767.837,5151,10201
geometry_prolate_T20_ar6p0_size50.csv,prolate,20,6.0,50,480767.837,5151,10201
geometry_oblate_T20_ar0p166667_size55.csv,oblate,20,0.166667,55,480767.837,5151,10201
geometry_oblate_T20_ar0p25_size55.csv,oblate,20,0.25,55,480767.837,5151,10201
geometry_oblate_T20_ar0p5_size55.csv,oblate,20,0.5,55,480767.837,5151,10201
geometry_oblate_T20_ar0p666667_size55.csv,oblate,20,0.666667,55,480767.837,5151,10201
geometry_oblate_T20_ar0p909091_size55.csv,oblate,20,0.909091,55,480767.837,5151,10201
geometry_prolate_T20_ar1p0_size55.csv,prolate,20,1.0,55,480767.837,5151,10201
geometry_prolate_T20_ar1p25_size55.csv,prolate,20,1.25,55,480767.837,5151,10201
geometry_prolate_T20_ar1p5_size55.csv,prolate,20,1.5,55,480767.837,5151,10201
geometry_prolate_T20_ar1p75_size55.csv,prolate,20,1.75,55,480767.837,5151,10201
geometry_prolate_T20_ar2p0_size55.csv,prolate,20,2.0,55,480767.837,5151,10201
geometry_prolate_T20_ar2p25_size55.csv,prolate,20,2.25,55,480767.837,5151,10201
geometry_prolate_T20_ar2p5_size55.csv,prolate,20,2.5,55,480767.837,5151,10201
geometry_prolate_T20_ar2p75_size55.csv,prolate,20,2.75,55,480767.837,5151,10201
geometry_prolate_T20_ar6p0_size55.csv,prolate,20,6.0,55,480767.837,5151,10201
geometry_prolate_T20_ar1p0_size60.csv,prolate,20,1.0,60,480767.837,5151,10201
geometry_prolate_T20_ar1p05_size60.csv,prolate,20,1.05,60,480767.837,5151,10201
geometry_prolate_T20_ar1p1_size60.csv,prolate,20,1.1,60,480767.837,5151,10201
geometry_prolate_T20_ar1p15_size60.csv,prolate,20,1.15,60,480767.837,5151,10201
geometry_prolate_T20_ar1p2_size60.csv,prolate,20,1.2,60,480767.837,5151,10201
geometry_prolate_T20_ar1p25_size60.csv,prolate,20,1.25,60,480767.837,5151,10201
geometry_prolate_T20_ar1p3_size60.csv,prolate,20,1.3,60,480767.837,5151,10201
geometry_prolate_T20_ar1p35_size60.csv,prolate,20,1.35,60,480767.837,5151,10201
geometry_prolate_T20_ar1p4_size60.csv,prolate,20,1.4,60,480767.837,5151,10201
geometry_prolate_T20_ar1p45_size60.csv,prolate,20,1.45,60,480767.837,5151,10201
geometry_prolate_T20_ar1p5_size60.csv,prolate,20,1.5,60,480767.837,5151,10201
geometry_prolate_T20_ar1p55_size60.csv,prolate,20,1.55,60,480767.837,5151,10201
geometry_prolate_T20_ar1p6_size60.csv,prolate,20,1.6,60,480767.837,5151,10201
geometry_prolate_T20_ar1p65_size60.csv,prolate,20,1.65,60,480767.837,5151,10201
geometry_prolate_T20_ar1p7_size60.csv,prolate,20,1.7,60,480767.837,5151,10201
geometry_prolate_T20_ar1p75_size60.csv,prolate,20,1.75,60,480767.837,5151,10201
geometry_prolate_T20_ar1p8_size60.csv,prolate,20,1.8,60,480767.837,5151,10201
geometry_prolate_T20_ar1p85_size60.csv,prolate,20,1.85,60,480767.837,5151,10201
geometry_prolate_T20_ar1p9_size60.csv,prolate,20,1.9,60,480767.837,5151,10201
geometry_prolate_T20_ar1p95_size60.csv,prolate,20,1.95,60,480767.837,5151,10201
geometry_prolate_T20_ar2p0_size60.csv,prolate,20,2.0,60,480767.837,5151,10201
geometry_prolate_T20_ar2p25_size60.csv,prolate,20,2.25,60,480767.837,5151,10201
geometry_prolate_T20_ar2p5_size60.csv,prolate,20,2.5,60,480767.837,5151,10201
geometry_prolate_T20_ar2p75_size60.csv,prolate,20,2.75,60,480767.837,5151,10201
geometry_prolate_T20_ar3p0_size60.csv,prolate,20,3.0,60,480767.837,5151,10201
geometry_prolate_T20_ar4p0_size60.csv,prolate,20,4.0,60,480767.837,5151,10201
geometry_prolate_T20_ar5p0_size60.csv,prolate,20,5.0,60,480767.837,5151,10201
geometry_prolate_T20_ar6p0_size60.csv,prolate,20,6.0,60,480767.837,5151,10201
geometry_oblate_T20_ar0p166667_size65.csv,oblate,20,0.166667,65,480767.837,5151,10201
geometry_oblate_T20_ar0p25_size65.csv,oblate,20,0.25,65,480767.837,5151,10201
geometry_oblate_T20_ar0p5_size65.csv,oblate,20,0.5,65,480767.837,5151,10201
geometry_oblate_T20_ar0p666667_size65.csv,oblate,20,0.666667,65,480767.837,5151,10201
geometry_oblate_T20_ar0p909091_size65.csv,oblate,20,0.909091,65,480767.837,5151,10201
geometry_prolate_T20_ar1p0_size65.csv,prolate,20,1.0,65,480767.837,5151,10201
geometry_prolate_T20_ar1p25_size65.csv,prolate,20,1.25,65,480767.837,5151,10201
geometry_prolate_T20_ar1p5_size65.csv,prolate,20,1.5,65,480767.837,5151,10201
geometry_prolate_T20_ar1p75_size65.csv,prolate,20,1.75,65,480767.837,5151,10201
geometry_prolate_T20_ar2p0_size65.csv,prolate,20,2.0,65,480767.837,5151,10201
geometry_prolate_T20_ar2p25_size65.csv,prolate,20,2.25,65,480767.837,5151,10201
geometry_prolate_T20_ar2p5_size65.csv,prolate,20,2.5,65,480767.837,5151,10201
geometry_prolate_T20_ar2p75_size65.csv,prolate,20,2.75,65,480767.837,5151,10201
geometry_prolate_T20_ar6p0_size65.csv,prolate,20,6.0,65,480767.837,5151,10201
geometry_prolate_T20_ar1p0_size70.csv,prolate,20,1.0,70,480767.837,5151,10201
geometry_prolate_T20_ar1p05_size70.csv,prolate,20,1.05,70,480767.837,5151,10201
geometry_prolate_T20_ar1p1_size70.csv,prolate,20,1.1,70,480767.837,5151,10201
geometry_prolate_T20_ar1p15_size70.csv,prolate,20,1.15,70,480767.837,5151,10201
geometry_prolate_T20_ar1p2_size70.csv,prolate,20,1.2,70,480767.837,5151,10201
geometry_prolate_T20_ar1p25_size70.csv,prolate,20,1.25,70,480767.837,5151,10201
geometry_prolate_T20_ar1p3_size70.csv,prolate,20,1.3,70,480767.837,5151,10201
geometry_prolate_T20_ar1p35_size70.csv,prolate,20,1.35,70,480767.837,5151,10201
geometry_prolate_T20_ar1p4_size70.csv,prolate,20,1.4,70,480767.837,5151,10201
geometry_prolate_T20_ar1p45_size70.csv,prolate,20,1.45,70,480767.837,5151,10201
geometry_prolate_T20_ar1p5_size70.csv,prolate,20,1.5,70,480767.837,5151,10201
geometry_prolate_T20_ar1p55_size70.csv,prolate,20,1.55,70,480767.837,5151,10201
geometry_prolate_T20_ar1p6_size70.csv,prolate,20,1.6,70,480767.837,5151,10201
geometry_prolate_T20_ar1p65_size70.csv,prolate,20,1.65,70,480767.837,5151,10201
geometry_prolate_T20_ar1p7_size70.csv,prolate,20,1.7,70,480767.837,5151,10201
geometry_prolate_T20_ar1p75_size70.csv,prolate,20,1.75,70,480767.837,5151,10201
geometry_prolate_T20_ar1p8_size70.csv,prolate,20,1.8,70,480767.837,5151,10201
geometry_prolate_T20_ar1p85_size70.csv,prolate,20,1.85,70,480767.837,5151,10201
geometry_prolate_T20_ar1p9_size70.csv,prolate,20,1.9,70,480767.837,5151,10201
geometry_prolate_T20_ar1p95_size70.csv,prolate,20,1.95,70,480767.837,5151,10201
geometry_prolate_T20_ar2p0_size70.csv,prolate,20,2.0,70,480767.837,5151,10201
geometry_prolate_T20_ar2p25_size70.csv,prolate,20,2.25,70,480767.837,5151,10201
geometry_prolate_T20_ar2p5_size70.csv,prolate,20,2.5,70,480767.837,5151,10201
geometry_prolate_T20_ar2p75_size70.csv,prolate,20,2.75,70,480767.837,5151,10201
geometry_prolate_T20_ar3p0_size70.csv,prolate,20,3.0,70,480767.837,5151,10201
geometry_prolate_T20_ar4p0_size70.csv,prolate,20,4.0,70,480767.837,5151,10201
geometry_prolate_T20_ar5p0_size70.csv,prolate,20,5.0,70,480767.837,5151,10201
geometry_prolate_T20_ar6p0_size70.csv,prolate,20,6.0,70,480767.837,5151,10201
geometry_oblate_T20_ar0p166667_size75.csv,oblate,20,0.166667,75,480767.837,5151,10201
geometry_oblate_T20_ar0p25_size75.csv,oblate,20,0.25,75,480767.837,5151,10201
geometry_oblate_T20_ar0p5_size75.csv,oblate,20,0.5,75,480767.837,5151,10201
geometry_oblate_T20_ar0p666667_size75.csv,oblate,20,0.666667,75,480767.837,5151,10201
geometry_oblate_T20_ar0p909091_size75.csv,oblate,20,0.909091,75,480767.837,5151,10201
geometry_prolate_T20_ar1p0_size75.csv,prolate,20,1.0,75,480767.837,5151,10201
geometry_prolate_T20_ar1p25_size75.csv,prolate,20,1.25,75,480767.837,5151,10201
geometry_prolate_T20_ar1p5_size75.csv,prolate,20,1.5,75,480767.837,5151,10201
geometry_prolate_T20_ar1p75_size75.csv,prolate,20,1.75,75,480767.837,5151,10201
geometry_prolate_T20_ar2p0_size75.csv,prolate,20,2.0,75,480767.837,5151,10201
geometry_prolate_T20_ar2p25_size75.csv,prolate,20,2.25,75,480767.837,5151,10201
geometry_prolate_T20_ar2p5_size75.csv,prolate,20,2.5,75,480767.837,5151,10201
geometry_prolate_T20_ar2p75_size75.csv,prolate,20,2.75,75,480767.837,5151,10201
geometry_prolate_T20_ar6p0_size75.csv,prolate,20,6.0,75,480767.837,5151,10201
geometry_prolate_T20_ar1p0_size80.csv,prolate,20,1.0,80,480767.837,5151,10201
geometry_prolate_T20_ar1p05_size80.csv,prolate,20,1.05,80,480767.837,5151,10201
geometry_prolate_T20_ar1p1_size80.csv,prolate,20,1.1,80,480767.837,5151,10201
geometry_prolate_T20_ar1p15_size80.csv,prolate,20,1.15,80,480767.837,5151,10201
geometry_prolate_T20_ar1p2_size80.csv,prolate,20,1.2,80,480767.837,5151,10201
geometry_prolate_T20_ar1p25_size80.csv,prolate,20,1.25,80,480767.837,5151,10201
geometry_prolate_T20_ar1p3_size80.csv,prolate,20,1.3,80,480767.837,5151,10201
geometry_prolate_T20_ar1p35_size80.csv,prolate,20,1.35,80,480767.837,5151,10201
geometry_prolate_T20_ar1p4_size80.csv,prolate,20,1.4,80,480767.837,5151,10201
geometry_prolate_T20_ar1p45_size80.csv,prolate,20,1.45,80,480767.837,5151,10201
geometry_prolate_T20_ar1p5_size80.csv,prolate,20,1.5,80,480767.837,5151,10201
geometry_prolate_T20_ar1p55_size80.csv,prolate,20,1.55,80,480767.837,5151,10201
geometry_prolate_T20_ar1p6_size80.csv,prolate,20,1.6,80,480767.837,5151,10201
geometry_prolate_T20_ar1p65_size80.csv,prolate,20,1.65,80,480767.837,5151,10201
geometry_prolate_T20_ar1p7_size80.csv,prolate,20,1.7,80,480767.837,5151,10201
geometry_prolate_T20_ar1p75_size80.csv,prolate,20,1.75,80,480767.837,5151,10201
geometry_prolate_T20_ar1p8_size80.csv,prolate,20,1.8,80,480767.837,5151,10201
geometry_prolate_T20_ar1p85_size80.csv,prolate,20,1.85,80,480767.837,5151,10201
geometry_prolate_T20_ar1p9_size80.csv,prolate,20,1.9,80,480767.837,5151,10201
geometry_prolate_T20_ar1p95_size80.csv,prolate,20,1.95,80,480767.837,5151,10201
geometry_prolate_T20_ar2p0_size80.csv,prolate,20,2.0,80,480767.837,5151,10201
geometry_prolate_T20_ar2p25_size80.csv,prolate,20,2.25,80,480767.837,5151,10201
geometry_prolate_T20_ar2p5_size80.csv,prolate,20,2.5,80,480767.837,5151,10201
geometry_prolate_T20_ar2p75_size80.csv,prolate,20,2.75,80,480767.837,5151,10201
geometry_prolate_T20_ar3p0_size80.csv,prolate,20,3.0,80,480767.837,5151,10201
geometry_prolate_T20_ar4p0_size80.csv,prolate,20,4.0,80,480767.837,5151,10201
geometry_prolate_T20_ar5p0_size80.csv,prolate,20,5.0,80,480767.837,5151,10201
geometry_prolate_T20_ar6p0_size80.csv,prolate,20,6.0,80,480767.837,5151,10201
geometry_oblate_T20_ar0p166667_size85.csv,oblate,20,0.166667,85,480767.837,5151,10201
geometry_oblate_T20_ar0p25_size85.csv,oblate,20,0.25,85,480767.837,5151,10201
geometry_oblate_T20_ar0p5_size85.csv,oblate,20,0.5,85,480767.837,5151,10201
geometry_oblate_T20_ar0p666667_size85.csv,oblate,20,0.666667,85,480767.837,5151,10201
geometry_oblate_T20_ar0p909091_size85.csv,oblate,20,0.909091,85,480767.837,5151,10201
geometry_prolate_T20_ar1p0_size85.csv,prolate,20,1.0,85,480767.837,5151,10201
geometry_prolate_T20_ar1p25_size85.csv,prolate,20,1.25,85,480767.837,5151,10201
geometry_prolate_T20_ar1p5_size85.csv,prolate,20,1.5,85,480767.837,5151,10201
geometry_prolate_T20_ar1p75_size85.csv,prolate,20,1.75,85,480767.837,5151,10201
geometry_prolate_T20_ar2p0_size85.csv,prolate,20,2.0,85,480767.837,5151,10201
geometry_prolate_T20_ar2p25_size85.csv,prolate,20,2.25,85,480767.837,5151,10201
geometry_prolate_T20_ar2p5_size85.csv,prolate,20,2.5,85,480767.837,5151,10201
geometry_prolate_T20_ar2p75_size85.csv,prolate,20,2.75,85,480767.837,5151,10201
geometry_prolate_T20_ar6p0_size85.csv,prolate,20,6.0,85,480767.837,5151,10201
geometry_prolate_T20_ar1p0_size90.csv,prolate,20,1.0,90,480767.837,5151,10201
geometry_prolate_T20_ar1p05_size90.csv,prolate,20,1.05,90,480767.837,5151,10201
geometry_prolate_T20_ar1p1_size90.csv,prolate,20,1.1,90,480767.837,5151,10201
geometry_prolate_T20_ar1p15_size90.csv,prolate,20,1.15,90,480767.837,5151,10201
geometry_prolate_T20_ar1p2_size90.csv,prolate,20,1.2,90,480767.837,5151,10201
geometry_prolate_T20_ar1p25_size90.csv,prolate,20,1.25,90,480767.837,5151,10201
geometry_prolate_T20_ar1p3_size90.csv,prolate,20,1.3,90,480767.837,5151,10201
geometry_prolate_T20_ar1p35_size90.csv,prolate,20,1.35,90,480767.837,5151,10201
geometry_prolate_T20_ar1p4_size90.csv,prolate,20,1.4,90,480767.837,5151,10201
geometry_prolate_T20_ar1p45_size90.csv,prolate,20,1.45,90,480767.837,5151,10201
geometry_prolate_T20_ar1p5_size90.csv,prolate,20,1.5,90,480767.837,5151,10201
geometry_prolate_T20_ar1p55_size90.csv,prolate,20,1.55,90,480767.837,5151,10201
geometry_prolate_T20_ar1p6_size90.csv,prolate,20,1.6,90,480767.837,5151,10201
geometry_prolate_T20_ar1p65_size90.csv,prolate,20,1.65,90,480767.837,5151,10201
geometry_prolate_T20_ar1p7_size90.csv,prolate,20,1.7,90,480767.837,5151,10201
geometry_prolate_T20_ar1p75_size90.csv,prolate,20,1.75,90,480767.837,5151,10201
geometry_prolate_T20_ar1p8_size90.csv,prolate,20,1.8,90,480767.837,5151,10201
geometry_prolate_T20_ar1p85_size90.csv,prolate,20,1.85,90,480767.837,5151,10201
geometry_prolate_T20_ar1p9_size90.csv,prolate,20,1.9,90,480767.837,5151,10201
geometry_prolate_T20_ar1p95_size90.csv,prolate,20,1.95,90,480767.837,5151,10201
geometry_prolate_T20_ar2p0_size90.csv,prolate,20,2.0,90,480767.837,5151,10201
geometry_prolate_T20_ar2p25_size90.csv,prolate,20,2.25,90,480767.837,5151,10201
geometry_prolate_T20_ar2p5_size90.csv,prolate,20,2.5,90,480767.837,5151,10201
geometry_prolate_T20_ar2p75_size90.csv,prolate,20,2.75,90,480767.837,5151,10201
geometry_prolate_T20_ar3p0_size90.csv,prolate,20,3.0,90,480767.837,5151,10201
geometry_prolate_T20_ar4p0_size90.csv,prolate,20,4.0,90,480767.837,5151,10201
geometry_prolate_T20_ar5p0_size90.csv,prolate,20,5.0,90,480767.837,5151,10201
geometry_prolate_T20_ar6p0_size90.csv,prolate,20,6.0,90,480767.837,5151,10201
geometry_oblate_T20_ar0p166667_size95.csv,oblate,20,0.166667,95,480767.837,5151,10201
geometry_oblate_T20_ar0p25_size95.csv,oblate,20,0.25,95,480767.837,5151,10201
geometry_oblate_T20_ar0p5_size95.csv,oblate,20,0.5,95,480767.837,5151,10201
geometry_oblate_T20_ar0p666667_size95.csv,oblate,20,0.666667,95,480767.837,5151,10201
geometry_oblate_T20_ar0p909091_size95.csv,oblate,20,0.909091,95,480767.837,5151,10201
geometry_prolate_T20_ar1p0_size95.csv,prolate,20,1.0,95,480767.837,5151,10201
geometry_prolate_T20_ar1p25_size95.csv,prolate,20,1.25,95,480767.837,5151,10201
geometry_prolate_T20_ar1p5_size95.csv,prolate,20,1.5,95,480767.837,5151,10201
geometry_prolate_T20_ar1p75_size95.csv,prolate,20,1.75,95,480767.837,5151,10201
geometry_prolate_T20_ar2p0_size95.csv,prolate,20,2.0,95,480767.837,5151,10201
geometry_prolate_T20_ar2p25_size95.csv,prolate,20,2.25,95,480767.837,5151,10201
geometry_prolate_T20_ar2p5_size95.csv,prolate,20,2.5,95,480767.837,5151,10201
geometry_prolate_T20_ar2p75_size95.csv,prolate,20,2.75,95,480767.837,5151,10201
geometry_prolate_T20_ar6p0_size95.csv,prolate,20,6.0,95,480767.837,5151,10201
geometry_prolate_T20_ar1p0_size100.csv,prolate,20,1.0,100,480767.837,5151,10201
geometry_prolate_T20_ar1p05_size100.csv,prolate,20,1.05,100,480767.837,5151,10201
geometry_prolate_T20_ar1p1_size100.csv,prolate,20,1.1,100,480767.837,5151,10201
geometry_prolate_T20_ar1p15_size100.csv,prolate,20,1.15,100,480767.837,5151,10201
geometry_prolate_T20_ar1p2_size100.csv,prolate,20,1.2,100,480767.837,5151,10201
geometry_prolate_T20_ar1p25_size100.csv,prolate,20,1.25,100,480767.837,5151,10201
geometry_prolate_T20_ar1p3_size100.csv,prolate,20,1.3,100,480767.837,5151,10201
geometry_prolate_T20_ar1p35_size100.csv,prolate,20,1.35,100,480767.837,5151,10201
geometry_prolate_T20_ar1p4_size100.csv,prolate,20,1.4,100,480767.837,5151,10201
geometry_prolate_T20_ar1p45_size100.csv,prolate,20,1.45,100,480767.837,5151,10201
geometry_prolate_T20_ar1p5_size100.csv,prolate,20,1.5,100,480767.837,5151,10201
geometry_prolate_T20_ar1p55_size100.csv,prolate,20,1.55,100,480767.837,5151,10201
geometry_prolate_T20_ar1p6_size100.csv,prolate,20,1.6,100,480767.837,5151,10201
geometry_prolate_T20_ar1p65_size100.csv,prolate,20,1.65,100,480767.837,5151,10201
geometry_prolate_T20_ar1p7_size100.csv,prolate,20,1.7,100,480767.837,5151,10201
geometry_prolate_T20_ar1p75_size100.csv,prolate,20,1.75,100,480767.837,5151,10201
geometry_prolate_T20_ar1p8_size100.csv,prolate,20,1.8,100,480767.837,5151,10201
geometry_prolate_T20_ar1p85_size100.csv,prolate,20,1.85,100,480767.837,5151,10201
geometry_prolate_T20_ar1p9_size100.csv,prolate,20,1.9,100,480767.837,5151,10201
geometry_prolate_T20_ar1p95_size100.csv,prolate,20,1.95,100,480767.837,5151,10201
geometry_prolate_T20_ar2p0_size100.csv,prolate,20,2.0,100,480767.837,5151,10201
geometry_prolate_T20_ar2p25_size100.csv,prolate,20,2.25,100,480767.837,5151,10201
geometry_prolate_T20_ar2p5_size100.csv,prolate,20,2.5,100,480767.837,5151,10201
geometry_prolate_T20_ar2p75_size100.csv,prolate,20,2.75,100,480767.837,5151,10201
geometry_prolate_T20_ar3p0_size100.csv,prolate,20,3.0,100,480767.837,5151,10201
geometry_prolate_T20_ar4p0_size100.csv,prolate,20,4.0,100,480767.837,5151,10201
geometry_prolate_T20_ar5p0_size100.csv,prolate,20,5.0,100,480767.837,5151,10201
geometry_prolate_T20_ar6p0_size100.csv,prolate,20,6.0,100,480767.837,5151,10201
geometry_oblate_T20_ar0p166667_size105.csv,oblate,20,0.166667,105,480767.837,5151,10201
geometry_oblate_T20_ar0p25_size105.csv,oblate,20,0.25,105,480767.837,5151,10201
geometry_oblate_T20_ar0p5_size105.csv,oblate,20,0.5,105,480767.837,5151,10201
geometry_oblate_T20_ar0p666667_size105.csv,oblate,20,0.666667,105,480767.837,5151,10201
geometry_oblate_T20_ar0p909091_size105.csv,oblate,20,0.909091,105,480767.837,5151,10201
geometry_prolate_T20_ar1p0_size110.csv,prolate,20,1.0,110,480767.837,5151,10201
geometry_prolate_T20_ar1p05_size110.csv,prolate,20,1.05,110,480767.837,5151,10201
geometry_prolate_T20_ar1p1_size110.csv,prolate,20,1.1,110,480767.837,5151,10201
geometry_prolate_T20_ar1p15_size110.csv,prolate,20,1.15,110,480767.837,5151,10201
geometry_prolate_T20_ar1p2_size110.csv,prolate,20,1.2,110,480767.837,5151,10201
geometry_prolate_T20_ar1p25_size110.csv,prolate,20,1.25,110,480767.837,5151,10201
geometry_prolate_T20_ar1p3_size110.csv,prolate,20,1.3,110,480767.837,5151,10201
geometry_prolate_T20_ar1p35_size110.csv,prolate,20,1.35,110,480767.837,5151,10201
geometry_prolate_T20_ar1p4_size110.csv,prolate,20,1.4,110,480767.837,5151,10201
geometry_prolate_T20_ar1p45_size110.csv,prolate,20,1.45,110,480767.837,5151,10201
geometry_prolate_T20_ar1p5_size110.csv,prolate,20,1.5,110,480767.837,5151,10201
geometry_prolate_T20_ar1p55_size110.csv,prolate,20,1.55,110,480767.837,5151,10201
geometry_prolate_T20_ar1p6_size110.csv,prolate,20,1.6,110,480767.837,5151,10201
geometry_prolate_T20_ar1p65_size110.csv,prolate,20,1.65,110,480767.837,5151,10201
geometry_prolate_T20_ar1p7_size110.csv,prolate,20,1.7,110,480767.837,5151,10201
geometry_prolate_T20_ar1p75_size110.csv,prolate,20,1.75,110,480767.837,5151,10201
geometry_prolate_T20_ar1p8_size110.csv,prolate,20,1.8,110,480767.837,5151,10201
geometry_prolate_T20_ar1p85_size110.csv,prolate,20,1.85,110,480767.837,5151,10201
geometry_prolate_T20_ar1p9_size110.csv,prolate,20,1.9,110,480767.837,5151,10201
geometry_prolate_T20_ar1p95_size110.csv,prolate,20,1.95,110,480767.837,5151,10201
geometry_prolate_T20_ar2p0_size110.csv,prolate,20,2.0,110,480767.837,5151,10201
geometry_prolate_T20_ar2p25_size110.csv,prolate,20,2.25,110,480767.837,5151,10201
geometry_prolate_T20_ar2p5_size110.csv,prolate,20,2.5,110,480767.837,5151,10201
geometry_prolate_T20_ar2p75_size110.csv,prolate,20,2.75,110,480767.837,5151,10201
geometry_prolate_T20_ar3p0_size110.csv,prolate,20,3.0,110,480767.837,5151,10201
geometry_prolate_T20_ar4p0_size110.csv,prolate,20,4.0,110,480767.837,5151,10201
geometry_prolate_T20_ar5p0_size110.csv,prolate,20,5.0,110,480767.837,5151,10201
geometry_prolate_T20_ar6p0_size110.csv,prolate,20,6.0,110,480767.837,5151,10201
geometry_oblate_T20_ar0p166667_size115.csv,oblate,20,0.166667,115,480767.837,5151,10201
geometry_oblate_T20_ar0p25_size115.csv,oblate,20,0.25,115,480767.837,5151,10201
geometry_oblate_T20_ar0p5_size115.csv,oblate,20,0.5,115,480767.837,5151,10201
geometry_oblate_T20_ar0p666667_size115.csv,oblate,20,0.666667,115,480767.837,5151,10201
geometry_oblate_T20_ar0p909091_size115.csv,oblate,20,0.909091,115,480767.837,5151,10201
geometry_prolate_T20_ar1p0_size120.csv,prolate,20,1.0,120,480767.837,5151,10201
geometry_prolate_T20_ar1p05_size120.csv,prolate,20,1.05,120,480767.837,5151,10201
geometry_prolate_T20_ar1p1_size120.csv,prolate,20,1.1,120,480767.837,5151,10201
geometry_prolate_T20_ar1p15_size120.csv,prolate,20,1.15,120,480767.837,5151,10201
geometry_prolate_T20_ar1p2_size120.csv,prolate,20,1.2,120,480767.837,5151,10201
geometry_prolate_T20_ar1p25_size120.csv,prolate,20,1.25,120,480767.837,5151,10201
geometry_prolate_T20_ar1p3_size120.csv,prolate,20,1.3,120,480767.837,5151,10201
geometry_prolate_T20_ar1p35_size120.csv,prolate,20,1.35,120,480767.837,5151,10201
geometry_prolate_T20_ar1p4_size120.csv,prolate,20,1.4,120,480767.837,5151,10201
geometry_prolate_T20_ar1p45_size120.csv,prolate,20,1.45,120,480767.837,5151,10201
geometry_prolate_T20_ar1p5_size120.csv,prolate,20,1.5,120,480767.837,5151,10201
geometry_prolate_T20_ar1p55_size120.csv,prolate,20,1.55,120,480767.837,5151,10201
geometry_prolate_T20_ar1p6_size120.csv,prolate,20,1.6,120,480767.837,5151,10201
geometry_prolate_T20_ar1p65_size120.csv,prolate,20,1.65,120,480767.837,5151,10201
geometry_prolate_T20_ar1p7_size120.csv,prolate,20,1.7,120,480767.837,5151,10201
geometry_prolate_T20_ar1p75_size120.csv,prolate,20,1.75,120,480767.837,5151,10201
geometry_prolate_T20_ar1p8_size120.csv,prolate,20,1.8,120,480767.837,5151,10201
geometry_prolate_T20_ar1p85_size120.csv,prolate,20,1.85,120,480767.837,5151,10201
geometry_prolate_T20_ar1p9_size120.csv,prolate,20,1.9,120,480767.837,5151,10201
geometry_prolate_T20_ar1p95_size120.csv,prolate,20,1.95,120,480767.837,5151,10201
geometry_prolate_T20_ar2p0_size120.csv,prolate,20,2.0,120,480767.837,5151,10201
geometry_prolate_T20_ar2p25_size120.csv,prolate,20,2.25,120,480767.837,5151,10201
geometry_prolate_T20_ar2p5_size120.csv,prolate,20,2.5,120,480767.837,5151,10201
geometry_prolate_T20_ar2p75_size120.csv,prolate,20,2.75,120,480767.837,5151,10201
geometry_prolate_T20_ar3p0_size120.csv,prolate,20,3.0,120,480767.837,5151,10201
geometry_prolate_T20_ar4p0_size120.csv,prolate,20,4.0,120,480767.837,5151,10201
geometry_prolate_T20_ar5p0_size120.csv,prolate,20,5.0,120,480767.837,5151,10201
geometry_prolate_T20_ar6p0_size120.csv,prolate,20,6.0,120,480767.837,5151,10201
geometry_oblate_T20_ar0p166667_size125.csv,oblate,20,0.166667,125,480767.837,5151,10201
geometry_oblate_T20_ar0p25_size125.csv,oblate,20,0.25,125,480767.837,5151,10201
geometry_oblate_T20_ar0p5_size125.csv,oblate,20,0.5,125,480767.837,5151,10201
geometry_oblate_T20_ar0p666667_size125.csv,oblate,20,0.666667,125,480767.837,5151,10201
geometry_oblate_T20_ar0p909091_size125.csv,oblate,20,0.909091,125,480767.837,5151,10201
geometry_prolate_T20_ar1p0_size130.csv,prolate,20,1.0,130,480767.837,5151,10201
geometry_prolate_T20_ar1p05_size130.csv,prolate,20,1.05,130,480767.837,5151,10201
geometry_prolate_T20_ar1p1_size130.csv,prolate,20,1.1,130,480767.837,5151,10201
geometry_prolate_T20_ar1p15_size130.csv,prolate,20,1.15,130,480767.837,5151,10201
geometry_prolate_T20_ar1p2_size130.csv,prolate,20,1.2,130,480767.837,5151,10201
geometry_prolate_T20_ar1p25_size130.csv,prolate,20,1.25,130,480767.837,5151,10201
geometry_prolate_T20_ar1p3_size130.csv,prolate,20,1.3,130,480767.837,5151,10201
geometry_prolate_T20_ar1p35_size130.csv,prolate,20,1.35,130,480767.837,5151,10201
geometry_prolate_T20_ar1p4_size130.csv,prolate,20,1.4,130,480767.837,5151,10201
geometry_prolate_T20_ar1p45_size130.csv,prolate,20,1.45,130,480767.837,5151,10201
geometry_prolate_T20_ar1p5_size130.csv,prolate,20,1.5,130,480767.837,5151,10201
geometry_prolate_T20_ar1p55_size130.csv,prolate,20,1.55,130,480767.837,5151,10201
geometry_prolate_T20_ar1p6_size130.csv,prolate,20,1.6,130,480767.837,5151,10201
geometry_prolate_T20_ar1p65_size130.csv,prolate,20,1.65,130,480767.837,5151,10201
geometry_prolate_T20_ar1p7_size130.csv,prolate,20,1.7,130,480767.837,5151,10201
geometry_prolate_T20_ar1p75_size130.csv,prolate,20,1.75,130,480767.837,5151,10201
geometry_prolate_T20_ar1p8_size130.csv,prolate,20,1.8,130,480767.837,5151,10201
geometry_prolate_T20_ar1p85_size130.csv,prolate,20,1.85,130,480767.837,5151,10201
geometry_prolate_T20_ar1p9_size130.csv,prolate,20,1.9,130,480767.837,5151,10201
geometry_prolate_T20_ar1p95_size130.csv,prolate,20,1.95,130,480767.837,5151,10201
geometry_prolate_T20_ar2p0_size130.csv,prolate,20,2.0,130,480767.837,5151,10201
geometry_prolate_T20_ar2p25_size130.csv,prolate,20,2.25,130,480767.837,5151,10201
geometry_prolate_T20_ar2p5_size130.csv,prolate,20,2.5,130,480767.837,5151,10201
geometry_prolate_T20_ar2p75_size130.csv,prolate,20,2.75,130,480767.837,5151,10201
geometry_prolate_T20_ar3p0_size130.csv,prolate,20,3.0,130,480767.837,5151,10201
geometry_prolate_T20_ar4p0_size130.csv,prolate,20,4.0,130,480767.837,5151,10201
geometry_prolate_T20_ar5p0_size130.csv,prolate,20,5.0,130,480767.837,5151,10201
geometry_prolate_T20_ar6p0_size130.csv,prolate,20,6.0,130,480767.837,5151,10201
geometry_oblate_T20_ar0p166667_size135.csv,oblate,20,0.166667,135,480767.837,5151,10201
geometry_oblate_T20_ar0p25_size135.csv,oblate,20,0.25,135,480767.837,5151,10201
geometry_oblate_T20_ar0p5_size135.csv,oblate,20,0.5,135,480767.837,5151,10201
geometry_oblate_T20_ar0p666667_size135.csv,oblate,20,0.666667,135,480767.837,5151,10201
geometry_oblate_T20_ar0p909091_size135.csv,oblate,20,0.909091,135,480767.837,5151,10201
geometry_prolate_T20_ar1p0_size140.csv,prolate,20,1.0,140,480767.837,5151,10201
geometry_prolate_T20_ar1p05_size140.csv,prolate,20,1.05,140,480767.837,5151,10201
geometry_prolate_T20_ar1p1_size140.csv,prolate,20,1.1,140,480767.837,5151,10201
geometry_prolate_T20_ar1p15_size140.csv,prolate,20,1.15,140,480767.837,5151,10201
geometry_prolate_T20_ar1p2_size140.csv,prolate,20,1.2,140,480767.837,5151,10201
geometry_prolate_T20_ar1p25_size140.csv,prolate,20,1.25,140,480767.837,5151,10201
geometry_prolate_T20_ar1p3_size140.csv,prolate,20,1.3,140,480767.837,5151,10201
geometry_prolate_T20_ar1p35_size140.csv,prolate,20,1.35,140,480767.837,5151,10201
geometry_prolate_T20_ar1p4_size140.csv,prolate,20,1.4,140,480767.837,5151,10201
geometry_prolate_T20_ar1p45_size140.csv,prolate,20,1.45,140,480767.837,5151,10201
geometry_prolate_T20_ar1p5_size140.csv,prolate,20,1.5,140,480767.837,5151,10201
geometry_prolate_T20_ar1p55_size140.csv,prolate,20,1.55,140,480767.837,5151,10201
geometry_prolate_T20_ar1p6_size140.csv,prolate,20,1.6,140,480767.837,5151,10201
geometry_prolate_T20_ar1p65_size140.csv,prolate,20,1.65,140,480767.837,5151,10201
geometry_prolate_T20_ar1p7_size140.csv,prolate,20,1.7,140,480767.837,5151,10201
geometry_prolate_T20_ar1p75_size140.csv,prolate,20,1.75,140,480767.837,5151,10201
geometry_prolate_T20_ar1p8_size140.csv,prolate,20,1.8,140,480767.837,5151,10201
geometry_prolate_T20_ar1p85_size140.csv,prolate,20,1.85,140,480767.837,5151,10201
geometry_prolate_T20_ar1p9_size140.csv,prolate,20,1.9,140,480767.837,5151,10201
geometry_prolate_T20_ar1p95_size140.csv,prolate,20,1.95,140,480767.837,5151,10201
geometry_prolate_T20_ar2p0_size140.csv,prolate,20,2.0,140,480767.837,5151,10201
geometry_prolate_T20_ar2p25_size140.csv,prolate,20,2.25,140,480767.837,5151,10201
geometry_prolate_T20_ar2p5_size140.csv,prolate,20,2.5,140,480767.837,5151,10201
geometry_prolate_T20_ar2p75_size140.csv,prolate,20,2.75,140,480767.837,5151,10201
geometry_prolate_T20_ar3p0_size140.csv,prolate,20,3.0,140,480767.837,5151,10201
geometry_prolate_T20_ar4p0_size140.csv,prolate,20,4.0,140,480767.837,5151,10201
geometry_prolate_T20_ar5p0_size140.csv,prolate,20,5.0,140,480767.837,5151,10201
geometry_prolate_T20_ar6p0_size140.csv,prolate,20,6.0,140,480767.837,5151,10201
geometry_oblate_T20_ar0p166667_size145.csv,oblate,20,0.166667,145,480767.837,5151,10201
geometry_oblate_T20_ar0p25_size145.csv,oblate,20,0.25,145,480767.837,5151,10201
geometry_oblate_T20_ar0p5_size145.csv,oblate,20,0.5,145,480767.837,5151,10201
geometry_oblate_T20_ar0p666667_size145.csv,oblate,20,0.666667,145,480767.837,5151,10201
geometry_oblate_T20_ar0p909091_size145.csv,oblate,20,0.909091,145,480767.837,5151,10201
geometry_prolate_T20_ar1p0_size150.csv,prolate,20,1.0,150,480767.837,5151,10201
geometry_prolate_T20_ar1p05_size150.csv,prolate,20,1.05,150,480767.837,5151,10201
geometry_prolate_T20_ar1p1_size150.csv,prolate,20,1.1,150,480767.837,5151,10201
geometry_prolate_T20_ar1p15_size150.csv,prolate,20,1.15,150,480767.837,5151,10201
geometry_prolate_T20_ar1p2_size150.csv,prolate,20,1.2,150,480767.837,5151,10201
geometry_prolate_T20_ar1p25_size150.csv,prolate,20,1.25,150,480767.837,5151,10201
geometry_prolate_T20_ar1p3_size150.csv,prolate,20,1.3,150,480767.837,5151,10201
geometry_prolate_T20_ar1p35_size150.csv,prolate,20,1.35,150,480767.837,5151,10201
geometry_prolate_T20_ar1p4_size150.csv,prolate,20,1.4,150,480767.837,5151,10201
geometry_prolate_T20_ar1p45_size150.csv,prolate,20,1.45,150,480767.837,5151,10201
geometry_prolate_T20_ar1p5_size150.csv,prolate,20,1.5,150,480767.837,5151,10201
geometry_prolate_T20_ar1p55_size150.csv,prolate,20,1.55,150,480767.837,5151,10201
geometry_prolate_T20_ar1p6_size150.csv,prolate,20,1.6,150,480767.837,5151,10201
geometry_prolate_T20_ar1p65_size150.csv,prolate,20,1.65,150,480767.837,5151,10201
geometry_prolate_T20_ar1p7_size150.csv,prolate,20,1.7,150,480767.837,5151,10201
geometry_prolate_T20_ar1p75_size150.csv,prolate,20,1.75,150,480767.837,5151,10201
geometry_prolate_T20_ar1p8_size150.csv,prolate,20,1.8,150,480767.837,5151,10201
geometry_prolate_T20_ar1p85_size150.csv,prolate,20,1.85,150,480767.837,5151,10201
geometry_prolate_T20_ar1p9_size150.csv,prolate,20,1.9,150,480767.837,5151,10201
geometry_prolate_T20_ar1p95_size150.csv,prolate,20,1.95,150,480767.837,5151,10201
geometry_prolate_T20_ar2p0_size150.csv,prolate,20,2.0,150,480767.837,5151,10201
geometry_prolate_T20_ar2p25_size150.csv,prolate,20,2.25,150,480767.837,5151,10201
geometry_prolate_T20_ar2p5_size150.csv,prolate,20,2.5,150,480767.837,5151,10201
geometry_prolate_T20_ar2p75_size150.csv,prolate,20,2.75,150,480767.837,5151,10201
geometry_prolate_T20_ar3p0_size150.csv,prolate,20,3.0,150,480767.837,5151,10201
geometry_prolate_T20_ar4p0_size150.csv,prolate,20,4.0,150,480767.837,5151,10201
geometry_prolate_T20_ar5p0_size150.csv,prolate,20,5.0,150,480767.837,5151,10201
geometry_prolate_T20_ar6p0_size150.csv,prolate,20,6.0,150,480767.837,5151,10201
geometry_oblate_T20_ar0p166667_size155.csv,oblate,20,0.166667,155,480767.837,5151,10201
geometry_oblate_T20_ar0p25_size155.csv,oblate,20,0.25,155,480767.837,5151,10201
geometry_oblate_T20_ar0p5_size155.csv,oblate,20,0.5,155,480767.837,5151,10201
geometry_oblate_T20_ar0p666667_size155.csv,oblate,20,0.666667,155,480767.837,5151,10201
geometry_oblate_T20_ar0p909091_size155.csv,oblate,20,0.909091,155,480767.837,5151,10201
geometry_prolate_T20_ar1p0_size160.csv,prolate,20,1.0,160,480767.837,5151,10201
geometry_prolate_T20_ar1p05_size160.csv,prolate,20,1.05,160,480767.837,5151,10201
geometry_prolate_T20_ar1p1_size160.csv,prolate,20,1.1,160,480767.837,5151,10201
geometry_prolate_T20_ar1p15_size160.csv,prolate,20,1.15,160,480767.837,5151,10201
geometry_prolate_T20_ar1p2_size160.csv,prolate,20,1.2,160,480767.837,5151,10201
geometry_prolate_T20_ar1p25_size160.csv,prolate,20,1.25,160,480767.837,5151,10201
geometry_prolate_T20_ar1p3_size160.csv,prolate,20,1.3,160,480767.837,5151,10201
geometry_prolate_T20_ar1p35_size160.csv,prolate,20,1.35,160,480767.837,5151,10201
geometry_prolate_T20_ar1p4_size160.csv,prolate,20,1.4,160,480767.837,5151,10201
geometry_prolate_T20_ar1p45_size160.csv,prolate,20,1.45,160,480767.837,5151,10201
geometry_prolate_T20_ar1p5_size160.csv,prolate,20,1.5,160,480767.837,5151,10201
geometry_prolate_T20_ar1p55_size160.csv,prolate,20,1.55,160,480767.837,5151,10201
geometry_prolate_T20_ar1p6_size160.csv,prolate,20,1.6,160,480767.837,5151,10201
geometry_prolate_T20_ar1p65_size160.csv,prolate,20,1.65,160,480767.837,5151,10201
geometry_prolate_T20_ar1p7_size160.csv,prolate,20,1.7,160,480767.837,5151,10201
geometry_prolate_T20_ar1p75_size160.csv,prolate,20,1.75,160,480767.837,5151,10201
geometry_prolate_T20_ar1p8_size160.csv,prolate,20,1.8,160,480767.837,5151,10201
geometry_prolate_T20_ar1p85_size160.csv,prolate,20,1.85,160,480767.837,5151,10201
geometry_prolate_T20_ar1p9_size160.csv,prolate,20,1.9,160,480767.837,5151,10201
geometry_prolate_T20_ar1p95_size160.csv,prolate,20,1.95,160,480767.837,5151,10201
geometry_prolate_T20_ar2p0_size160.csv,prolate,20,2.0,160,480767.837,5151,10201
geometry_prolate_T20_ar2p25_size160.csv,prolate,20,2.25,160,480767.837,5151,10201
geometry_prolate_T20_ar2p5_size160.csv,prolate,20,2.5,160,480767.837,5151,10201
geometry_prolate_T20_ar2p75_size160.csv,prolate,20,2.75,160,480767.837,5151,10201
geometry_prolate_T20_ar3p0_size160.csv,prolate,20,3.0,160,480767.837,5151,10201
geometry_prolate_T20_ar4p0_size160.csv,prolate,20,4.0,160,480767.837,5151,10201
geometry_prolate_T20_ar5p0_size160.csv,prolate,20,5.0,160,480767.837,5151,10201
geometry_prolate_T20_ar6p0_size160.csv,prolate,20,6.0,160,480767.837,5151,10201
geometry_oblate_T20_ar0p166667_size165.csv,oblate,20,0.166667,165,480767.837,5151,10201
geometry_oblate_T20_ar0p25_size165.csv,oblate,20,0.25,165,480767.837,5151,10201
geometry_oblate_T20_ar0p5_size165.csv,oblate,20,0.5,165,480767.837,5151,10201
geometry_oblate_T20_ar0p666667_size165.csv,oblate,20,0.666667,165,480767.837,5151,10201
geometry_oblate_T20_ar0p909091_size165.csv,oblate,20,0.909091,165,480767.837,5151,10201
geometry_prolate_T20_ar1p0_size170.csv,prolate,20,1.0,170,480767.837,5151,10201
geometry_prolate_T20_ar1p05_size170.csv,prolate,20,1.05,170,480767.837,5151,10201
geometry_prolate_T20_ar1p1_size170.csv,prolate,20,1.1,170,480767.837,5151,10201
geometry_prolate_T20_ar1p15_size170.csv,prolate,20,1.15,170,480767.837,5151,10201
geometry_prolate_T20_ar1p2_size170.csv,prolate,20,1.2,170,480767.837,5151,10201
geometry_prolate_T20_ar1p25_size170.csv,prolate,20,1.25,170,480767.837,5151,10201
geometry_prolate_T20_ar1p3_size170.csv,prolate,20,1.3,170,480767.837,5151,10201
geometry_prolate_T20_ar1p35_size170.csv,prolate,20,1.35,170,480767.837,5151,10201
geometry_prolate_T20_ar1p4_size170.csv,prolate,20,1.4,170,480767.837,5151,10201
geometry_prolate_T20_ar1p45_size170.csv,prolate,20,1.45,170,480767.837,5151,10201
geometry_prolate_T20_ar1p5_size170.csv,prolate,20,1.5,170,480767.837,5151,10201
geometry_prolate_T20_ar1p55_size170.csv,prolate,20,1.55,170,480767.837,5151,10201
geometry_prolate_T20_ar1p6_size170.csv,prolate,20,1.6,170,480767.837,5151,10201
geometry_prolate_T20_ar1p65_size170.csv,prolate,20,1.65,170,480767.837,5151,10201
geometry_prolate_T20_ar1p7_size170.csv,prolate,20,1.7,170,480767.837,5151,10201
geometry_prolate_T20_ar1p75_size170.csv,prolate,20,1.75,170,480767.837,5151,10201
geometry_prolate_T20_ar1p8_size170.csv,prolate,20,1.8,170,480767.837,5151,10201
geometry_prolate_T20_ar1p85_size170.csv,prolate,20,1.85,170,480767.837,5151,10201
geometry_prolate_T20_ar1p9_size170.csv,prolate,20,1.9,170,480767.837,5151,10201
geometry_prolate_T20_ar1p95_size170.csv,prolate,20,1.95,170,480767.837,5151,10201
geometry_prolate_T20_ar2p0_size170.csv,prolate,20,2.0,170,480767.837,5151,10201
geometry_prolate_T20_ar2p25_size170.csv,prolate,20,2.25,170,480767.837,5151,10201
geometry_prolate_T20_ar2p5_size170.csv,prolate,20,2.5,170,480767.837,5151,10201
geometry_prolate_T20_ar2p75_size170.csv,prolate,20,2.75,170,480767.837,5151,10201
geometry_prolate_T20_ar3p0_size170.csv,prolate,20,3.0,170,480767.837,5151,10201
geometry_prolate_T20_ar4p0_size170.csv,prolate,20,4.0,170,480767.837,5151,10201
geometry_prolate_T20_ar5p0_size170.csv,prolate,20,5.0,170,480767.837,5151,10201
geometry_prolate_T20_ar6p0_size170.csv,prolate,20,6.0,170,480767.837,5151,10201
geometry_oblate_T20_ar0p166667_size175.csv,oblate,20,0.166667,175,480767.837,5151,10201
geometry_oblate_T20_ar0p25_size175.csv,oblate,20,0.25,175,480767.837,5151,10201
geometry_oblate_T20_ar0p5_size175.csv,oblate,20,0.5,175,480767.837,5151,10201
geometry_oblate_T20_ar0p666667_size175.csv,oblate,20,0.666667,175,480767.837,5151,10201
geometry_oblate_T20_ar0p909091_size175.csv,oblate,20,0.909091,175,480767.837,5151,10201
geometry_prolate_T20_ar1p0_size180.csv,prolate,20,1.0,180,480767.837,5151,10201
geometry_prolate_T20_ar1p05_size180.csv,prolate,20,1.05,180,480767.837,5151,10201
geometry_prolate_T20_ar1p1_size180.csv,prolate,20,1.1,180,480767.837,5151,10201
geometry_prolate_T20_ar1p15_size180.csv,prolate,20,1.15,180,480767.837,5151,10201
geometry_prolate_T20_ar1p2_size180.csv,prolate,20,1.2,180,480767.837,5151,10201
geometry_prolate_T20_ar1p25_size180.csv,prolate,20,1.25,180,480767.837,5151,10201
geometry_prolate_T20_ar1p3_size180.csv,prolate,20,1.3,180,480767.837,5151,10201
geometry_prolate_T20_ar1p35_size180.csv,prolate,20,1.35,180,480767.837,5151,10201
geometry_prolate_T20_ar1p4_size180.csv,prolate,20,1.4,180,480767.837,5151,10201
geometry_prolate_T20_ar1p45_size180.csv,prolate,20,1.45,180,480767.837,5151,10201
geometry_prolate_T20_ar1p5_size180.csv,prolate,20,1.5,180,480767.837,5151,10201
geometry_prolate_T20_ar1p55_size180.csv,prolate,20,1.55,180,480767.837,5151,10201
geometry_prolate_T20_ar1p6_size180.csv,prolate,20,1.6,180,480767.837,5151,10201
geometry_prolate_T20_ar1p65_size180.csv,prolate,20,1.65,180,480767.837,5151,10201
geometry_prolate_T20_ar1p7_size180.csv,prolate,20,1.7,180,480767.837,5151,10201
geometry_prolate_T20_ar1p75_size180.csv,prolate,20,1.75,180,480767.837,5151,10201
geometry_prolate_T20_ar1p8_size180.csv,prolate,20,1.8,180,480767.837,5151,10201
geometry_prolate_T20_ar1p85_size180.csv,prolate,20,1.85,180,480767.837,5151,10201
geometry_prolate_T20_ar1p9_size180.csv,prolate,20,1.9,180,480767.837,5151,10201
geometry_prolate_T20_ar1p95_size180.csv,prolate,20,1.95,180,480767.837,5151,10201
geometry_prolate_T20_ar2p0_size180.csv,prolate,20,2.0,180,480767.837,5151,10201
geometry_prolate_T20_ar2p25_size180.csv,prolate,20,2.25,180,480767.837,5151,10201
geometry_prolate_T20_ar2p5_size180.csv,prolate,20,2.5,180,480767.837,5151,10201
geometry_prolate_T20_ar2p75_size180.csv,prolate,20,2.75,180,480767.837,5151,10201
geometry_prolate_T20_ar3p0_size180.csv,prolate,20,3.0,180,480767.837,5151,10201
geometry_prolate_T20_ar4p0_size180.csv,prolate,20,4.0,180,480767.837,5151,10201
geometry_prolate_T20_ar5p0_size180.csv,prolate,20,5.0,180,480767.837,5151,10201
geometry_prolate_T20_ar6p0_size180.csv,prolate,20,6.0,180,480767.837,5151,10201
geometry_oblate_T20_ar0p166667_size185.csv,oblate,20,0.166667,185,480767.837,5151,10201
geometry_oblate_T20_ar0p25_size185.csv,oblate,20,0.25,185,480767.837,5151,10201
geometry_oblate_T20_ar0p5_size185.csv,oblate,20,0.5,185,480767.837,5151,10201
geometry_oblate_T20_ar0p666667_size185.csv,oblate,20,0.666667,185,480767.837,5151,10201
geometry_oblate_T20_ar0p909091_size185.csv,oblate,20,0.909091,185,480767.837,5151,10201
geometry_prolate_T20_ar1p0_size190.csv,prolate,20,1.0,190,480767.837,5151,10201
geometry_prolate_T20_ar1p05_size190.csv,prolate,20,1.05,190,480767.837,5151,10201
geometry_prolate_T20_ar1p1_size190.csv,prolate,20,1.1,190,480767.837,5151,10201
geometry_prolate_T20_ar1p15_size190.csv,prolate,20,1.15,190,480767.837,5151,10201
geometry_prolate_T20_ar1p2_size190.csv,prolate,20,1.2,190,480767.837,5151,10201
geometry_prolate_T20_ar1p25_size190.csv,prolate,20,1.25,190,480767.837,5151,10201
geometry_prolate_T20_ar1p3_size190.csv,prolate,20,1.3,190,480767.837,5151,10201
geometry_prolate_T20_ar1p35_size190.csv,prolate,20,1.35,190,480767.837,5151,10201
geometry_prolate_T20_ar1p4_size190.csv,prolate,20,1.4,190,480767.837,5151,10201
geometry_prolate_T20_ar1p45_size190.csv,prolate,20,1.45,190,480767.837,5151,10201
geometry_prolate_T20_ar1p5_size190.csv,prolate,20,1.5,190,480767.837,5151,10201
geometry_prolate_T20_ar1p55_size190.csv,prolate,20,1.55,190,480767.837,5151,10201
geometry_prolate_T20_ar1p6_size190.csv,prolate,20,1.6,190,480767.837,5151,10201
geometry_prolate_T20_ar1p65_size190.csv,prolate,20,1.65,190,480767.837,5151,10201
geometry_prolate_T20_ar1p7_size190.csv,prolate,20,1.7,190,480767.837,5151,10201
geometry_prolate_T20_ar1p75_size190.csv,prolate,20,1.75,190,480767.837,5151,10201
geometry_prolate_T20_ar1p8_size190.csv,prolate,20,1.8,190,480767.837,5151,10201
geometry_prolate_T20_ar1p85_size190.csv,prolate,20,1.85,190,480767.837,5151,10201
geometry_prolate_T20_ar1p9_size190.csv,prolate,20,1.9,190,480767.837,5151,10201
geometry_prolate_T20_ar1p95_size190.csv,prolate,20,1.95,190,480767.837,5151,10201
geometry_prolate_T20_ar2p0_size190.csv,prolate,20,2.0,190,480767.837,5151,10201
geometry_prolate_T20_ar2p25_size190.csv,prolate,20,2.25,190,480767.837,5151,10201
geometry_prolate_T20_ar2p5_size190.csv,prolate,20,2.5,190,480767.837,5151,10201
geometry_prolate_T20_ar2p75_size190.csv,prolate,20,2.75,190,480767.837,5151,10201
geometry_prolate_T20_ar3p0_size190.csv,prolate,20,3.0,190,480767.837,5151,10201
geometry_prolate_T20_ar4p0_size190.csv,prolate,20,4.0,190,480767.837,5151,10201
geometry_prolate_T20_ar5p0_size190.csv,prolate,20,5.0,190,480767.837,5151,10201
geometry_prolate_T20_ar6p0_size190.csv,prolate,20,6.0,190,480767.837,5151,10201
geometry_oblate_T20_ar0p166667_size195.csv,oblate,20,0.166667,195,480767.837,5151,10201
geometry_oblate_T20_ar0p25_size195.csv,oblate,20,0.25,195,480767.837,5151,10201
geometry_oblate_T20_ar0p5_size195.csv,oblate,20,0.5,195,480767.837,5151,10201
geometry_oblate_T20_ar0p666667_size195.csv,oblate,20,0.666667,195,480767.837,5151,10201
geometry_oblate_T20_ar0p909091_size195.csv,oblate,20,0.909091,195,480767.837,5151,10201
geometry_prolate_T20_ar1p05_size45.csv,prolate,20,1.05,45,480767.837,5151,10201
geometry_prolate_T20_ar1p1_size45.csv,prolate,20,1.1,45,480767.837,5151,10201
geometry_prolate_T20_ar1p15_size45.csv,prolate,20,1.15,45,480767.837,5151,10201
geometry_prolate_T20_ar1p2_size45.csv,prolate,20,1.2,45,480767.837,5151,10201
geometry_prolate_T20_ar1p3_size45.csv,prolate,20,1.3,45,480767.837,5151,10201
geometry_prolate_T20_ar1p35_size45.csv,prolate,20,1.35,45,480767.837,5151,10201
geometry_prolate_T20_ar1p4_size45.csv,prolate,20,1.4,45,480767.837,5151,10201
geometry_prolate_T20_ar1p45_size45.csv,prolate,20,1.45,45,480767.837,5151,10201
geometry_prolate_T20_ar1p55_size45.csv,prolate,20,1.55,45,480767.837,5151,10201
geometry_prolate_T20_ar1p6_size45.csv,prolate,20,1.6,45,480767.837,5151,10201
geometry_prolate_T20_ar1p65_size45.csv,prolate,20,1.65,45,480767.837,5151,10201
geometry_prolate_T20_ar1p7_size45.csv,prolate,20,1.7,45,480767.837,5151,10201
geometry_prolate_T20_ar1p8_size45.csv,prolate,20,1.8,45,480767.837,5151,10201
geometry_prolate_T20_ar1p85_size45.csv,prolate,20,1.85,45,480767.837,5151,10201
geometry_prolate_T20_ar1p9_size45.csv,prolate,20,1.9,45,480767.837,5151,10201
geometry_prolate_T20_ar1p95_size45.csv,prolate,20,1.95,45,480767.837,5151,10201
geometry_prolate_T20_ar3p0_size45.csv,prolate,20,3.0,45,480767.837,5151,10201
geometry_prolate_T20_ar4p0_size45.csv,prolate,20,4.0,45,480767.837,5151,10201
geometry_prolate_T20_ar5p0_size45.csv,prolate,20,5.0,45,480767.837,5151,10201
geometry_oblate_T20_ar0p166667_size50.csv,oblate,20,0.166667,50,480767.837,5151,10201
geometry_oblate_T20_ar0p25_size50.csv,oblate,20,0.25,50,480767.837,5151,10201
geometry_oblate_T20_ar0p5_size50.csv,oblate,20,0.5,50,480767.837,5151,10201
geometry_oblate_T20_ar0p666667_size50.csv,oblate,20,0.666667,50,480767.837,5151,10201
geometry_oblate_T20_ar0p909091_size50.csv,oblate,20,0.909091,50,480767.837,5151,10201
geometry_prolate_T20_ar1p05_size55.csv,prolate,20,1.05,55,480767.837,5151,10201
geometry_prolate_T20_ar1p1_size55.csv,prolate,20,1.1,55,480767.837,5151,10201
geometry_prolate_T20_ar1p15_size55.csv,prolate,20,1.15,55,480767.837,5151,10201
geometry_prolate_T20_ar1p2_size55.csv,prolate,20,1.2,55,480767.837,5151,10201
geometry_prolate_T20_ar1p3_size55.csv,prolate,20,1.3,55,480767.837,5151,10201
geometry_prolate_T20_ar1p35_size55.csv,prolate,20,1.35,55,480767.837,5151,10201
geometry_prolate_T20_ar1p4_size55.csv,prolate,20,1.4,55,480767.837,5151,10201
geometry_prolate_T20_ar1p45_size55.csv,prolate,20,1.45,55,480767.837,5151,10201
geometry_prolate_T20_ar1p55_size55.csv,prolate,20,1.55,55,480767.837,5151,10201
geometry_prolate_T20_ar1p6_size55.csv,prolate,20,1.6,55,480767.837,5151,10201
geometry_prolate_T20_ar1p65_size55.csv,prolate,20,1.65,55,480767.837,5151,10201
geometry_prolate_T20_ar1p7_size55.csv,prolate,20,1.7,55,480767.837,5151,10201
geometry_prolate_T20_ar1p8_size55.csv,prolate,20,1.8,55,480767.837,5151,10201
geometry_prolate_T20_ar1p85_size55.csv,prolate,20,1.85,55,480767.837,5151,10201
geometry_prolate_T20_ar1p9_size55.csv,prolate,20,1.9,55,480767.837,5151,10201
geometry_prolate_T20_ar1p95_size55.csv,prolate,20,1.95,55,480767.837,5151,10201
geometry_prolate_T20_ar3p0_size55.csv,prolate,20,3.0,55,480767.837,5151,10201
geometry_prolate_T20_ar4p0_size55.csv,prolate,20,4.0,55,480767.837,5151,10201
geometry_prolate_T20_ar5p0_size55.csv,prolate,20,5.0,55,480767.837,5151,10201
geometry_oblate_T20_ar0p166667_size60.csv,oblate,20,0.166667,60,480767.837,5151,10201
geometry_oblate_T20_ar0p25_size60.csv,oblate,20,0.25,60,480767.837,5151,10201
geometry_oblate_T20_ar0p5_size60.csv,oblate,20,0.5,60,480767.837,5151,10201
geometry_oblate_T20_ar0p666667_size60.csv,oblate,20,0.666667,60,480767.837,5151,10201
geometry_oblate_T20_ar0p909091_size60.csv,oblate,20,0.909091,60,480767.837,5151,10201
geometry_prolate_T20_ar1p05_size65.csv,prolate,20,1.05,65,480767.837,5151,10201
geometry_prolate_T20_ar1p1_size65.csv,prolate,20,1.1,65,480767.837,5151,10201
geometry_prolate_T20_ar1p15_size65.csv,prolate,20,1.15,65,480767.837,5151,10201
geometry_prolate_T20_ar1p2_size65.csv,prolate,20,1.2,65,480767.837,5151,10201
geometry_prolate_T20_ar1p3_size65.csv,prolate,20,1.3,65,480767.837,5151,10201
geometry_prolate_T20_ar1p35_size65.csv,prolate,20,1.35,65,480767.837,5151,10201
geometry_prolate_T20_ar1p4_size65.csv,prolate,20,1.4,65,480767.837,5151,10201
geometry_prolate_T20_ar1p45_size65.csv,prolate,20,1.45,65,480767.837,5151,10201
geometry_prolate_T20_ar1p55_size65.csv,prolate,20,1.55,65,480767.837,5151,10201
geometry_prolate_T20_ar1p6_size65.csv,prolate,20,1.6,65,480767.837,5151,10201
geometry_prolate_T20_ar1p65_size65.csv,prolate,20,1.65,65,480767.837,5151,10201
geometry_prolate_T20_ar1p7_size65.csv,prolate,20,1.7,65,480767.837,5151,10201
geometry_prolate_T20_ar1p8_size65.csv,prolate,20,1.8,65,480767.837,5151,10201
geometry_prolate_T20_ar1p85_size65.csv,prolate,20,1.85,65,480767.837,5151,10201
geometry_prolate_T20_ar1p9_size65.csv,prolate,20,1.9,65,480767.837,5151,10201
geometry_prolate_T20_ar1p95_size65.csv,prolate,20,1.95,65,480767.837,5151,10201
geometry_prolate_T20_ar3p0_size65.csv,prolate,20,3.0,65,480767.837,5151,10201
geometry_prolate_T20_ar4p0_size65.csv,prolate,20,4.0,65,480767.837,5151,10201
geometry_prolate_T20_ar5p0_size65.csv,prolate,20,5.0,65,480767.837,5151,10201
geometry_oblate_T20_ar0p166667_size70.csv,oblate,20,0.166667,70,480767.837,5151,10201
geometry_oblate_T20_ar0p25_size70.csv,oblate,20,0.25,70,480767.837,5151,10201
geometry_oblate_T20_ar0p5_size70.csv,oblate,20,0.5,70,480767.837,5151,10201
geometry_oblate_T20_ar0p666667_size70.csv,oblate,20,0.666667,70,480767.837,5151,10201
geometry_oblate_T20_ar0p909091_size70.csv,oblate,20,0.909091,70,480767.837,5151,10201
geometry_prolate_T20_ar1p05_size75.csv,prolate,20,1.05,75,480767.837,5151,10201
geometry_prolate_T20_ar1p1_size75.csv,prolate,20,1.1,75,480767.837,5151,10201
geometry_prolate_T20_ar1p15_size75.csv,prolate,20,1.15,75,480767.837,5151,10201
geometry_prolate_T20_ar1p2_size75.csv,prolate,20,1.2,75,480767.837,5151,10201
geometry_prolate_T20_ar1p3_size75.csv,prolate,20,1.3,75,480767.837,5151,10201
geometry_prolate_T20_ar1p35_size75.csv,prolate,20,1.35,75,480767.837,5151,10201
geometry_prolate_T20_ar1p4_size75.csv,prolate,20,1.4,75,480767.837,5151,10201
geometry_prolate_T20_ar1p45_size75.csv,prolate,20,1.45,75,480767.837,5151,10201
geometry_prolate_T20_ar1p55_size75.csv,prolate,20,1.55,75,480767.837,5151,10201
geometry_prolate_T20_ar1p6_size75.csv,prolate,20,1.6,75,480767.837,5151,10201
geometry_prolate_T20_ar1p65_size75.csv,prolate,20,1.65,75,480767.837,5151,10201
geometry_prolate_T20_ar1p7_size75.csv,prolate,20,1.7,75,480767.837,5151,10201
geometry_prolate_T20_ar1p8_size75.csv,prolate,20,1.8,75,480767.837,5151,10201
geometry_prolate_T20_ar1p85_size75.csv,prolate,20,1.85,75,480767.837,5151,10201
geometry_prolate_T20_ar1p9_size75.csv,prolate,20,1.9,75,480767.837,5151,10201
geometry_prolate_T20_ar1p95_size75.csv,prolate,20,1.95,75,480767.837,5151,10201
geometry_prolate_T20_ar3p0_size75.csv,prolate,20,3.0,75,480767.837,5151,10201
geometry_prolate_T20_ar4p0_size75.csv,prolate,20,4.0,75,480767.837,5151,10201
geometry_prolate_T20_ar5p0_size75.csv,prolate,20,5.0,75,480767.837,5151,10201
geometry_oblate_T20_ar0p166667_size80.csv,oblate,20,0.166667,80,480767.837,5151,10201
geometry_oblate_T20_ar0p25_size80.csv,oblate,20,0.25,80,480767.837,5151,10201
geometry_oblate_T20_ar0p5_size80.csv,oblate,20,0.5,80,480767.837,5151,10201
geometry_oblate_T20_ar0p666667_size80.csv,oblate,20,0.666667,80,480767.837,5151,10201
geometry_oblate_T20_ar0p909091_size80.csv,oblate,20,0.909091,80,480767.837,5151,10201
geometry_prolate_T20_ar1p05_size85.csv,prolate,20,1.05,85,480767.837,5151,10201
geometry_prolate_T20_ar1p1_size85.csv,prolate,20,1.1,85,480767.837,5151,10201
geometry_prolate_T20_ar1p15_size85.csv,prolate,20,1.15,85,480767.837,5151,10201
geometry_prolate_T20_ar1p2_size85.csv,prolate,20,1.2,85,480767.837,5151,10201
geometry_prolate_T20_ar1p3_size85.csv,prolate,20,1.3,85,480767.837,5151,10201
geometry_prolate_T20_ar1p35_size85.csv,prolate,20,1.35,85,480767.837,5151,10201
geometry_prolate_T20_ar1p4_size85.csv,prolate,20,1.4,85,480767.837,5151,10201
geometry_prolate_T20_ar1p45_size85.csv,prolate,20,1.45,85,480767.837,5151,10201
geometry_prolate_T20_ar1p55_size85.csv,prolate,20,1.55,85,480767.837,5151,10201
geometry_prolate_T20_ar1p6_size85.csv,prolate,20,1.6,85,480767.837,5151,10201
geometry_prolate_T20_ar1p65_size85.csv,prolate,20,1.65,85,480767.837,5151,10201
geometry_prolate_T20_ar1p7_size85.csv,prolate,20,1.7,85,480767.837,5151,10201
geometry_prolate_T20_ar1p8_size85.csv,prolate,20,1.8,85,480767.837,5151,10201
geometry_prolate_T20_ar1p85_size85.csv,prolate,20,1.85,85,480767.837,5151,10201
geometry_prolate_T20_ar1p9_size85.csv,prolate,20,1.9,85,480767.837,5151,10201
geometry_prolate_T20_ar1p95_size85.csv,prolate,20,1.95,85,480767.837,5151,10201
geometry_prolate_T20_ar3p0_size85.csv,prolate,20,3.0,85,480767.837,5151,10201
geometry_prolate_T20_ar4p0_size85.csv,prolate,20,4.0,85,480767.837,5151,10201
geometry_prolate_T20_ar5p0_size85.csv,prolate,20,5.0,85,480767.837,5151,10201
geometry_oblate_T20_ar0p166667_size90.csv,oblate,20,0.166667,90,480767.837,5151,10201
geometry_oblate_T20_ar0p25_size90.csv,oblate,20,0.25,90,480767.837,5151,10201
geometry_oblate_T20_ar0p5_size90.csv,oblate,20,0.5,90,480767.837,5151,10201
geometry_oblate_T20_ar0p666667_size90.csv,oblate,20,0.666667,90,480767.837,5151,10201
geometry_oblate_T20_ar0p909091_size90.csv,oblate,20,0.909091,90,480767.837,5151,10201
geometry_prolate_T20_ar1p05_size95.csv,prolate,20,1.05,95,480767.837,5151,10201
geometry_prolate_T20_ar1p1_size95.csv,prolate,20,1.1,95,480767.837,5151,10201
geometry_prolate_T20_ar1p15_size95.csv,prolate,20,1.15,95,480767.837,5151,10201
geometry_prolate_T20_ar1p2_size95.csv,prolate,20,1.2,95,480767.837,5151,10201
geometry_prolate_T20_ar1p3_size95.csv,prolate,20,1.3,95,480767.837,5151,10201
geometry_prolate_T20_ar1p35_size95.csv,prolate,20,1.35,95,480767.837,5151,10201
geometry_prolate_T20_ar1p4_size95.csv,prolate,20,1.4,95,480767.837,5151,10201
geometry_prolate_T20_ar1p45_size95.csv,prolate,20,1.45,95,480767.837,5151,10201
geometry_prolate_T20_ar1p55_size95.csv,prolate,20,1.55,95,480767.837,5151,10201
geometry_prolate_T20_ar1p6_size95.csv,prolate,20,1.6,95,480767.837,5151,10201
geometry_prolate_T20_ar1p65_size95.csv,prolate,20,1.65,95,480767.837,5151,10201
geometry_prolate_T20_ar1p7_size95.csv,prolate,20,1.7,95,480767.837,5151,10201
geometry_prolate_T20_ar1p8_size95.csv,prolate,20,1.8,95,480767.837,5151,10201
geometry_prolate_T20_ar1p85_size95.csv,prolate,20,1.85,95,480767.837,5151,10201
geometry_prolate_T20_ar1p9_size95.csv,prolate,20,1.9,95,480767.837,5151,10201
geometry_prolate_T20_ar1p95_size95.csv,prolate,20,1.95,95,480767.837,5151,10201
geometry_prolate_T20_ar3p0_size95.csv,prolate,20,3.0,95,480767.837,5151,10201
geometry_prolate_T20_ar4p0_size95.csv,prolate,20,4.0,95,480767.837,5151,10201
geometry_prolate_T20_ar5p0_size95.csv,prolate,20,5.0,95,480767.837,5151,10201
geometry_oblate_T20_ar0p166667_size100.csv,oblate,20,0.166667,100,480767.837,5151,10201
geometry_oblate_T20_ar0p25_size100.csv,oblate,20,0.25,100,480767.837,5151,10201
geometry_oblate_T20_ar0p5_size100.csv,oblate,20,0.5,100,480767.837,5151,10201
geometry_oblate_T20_ar0p666667_size100.csv,oblate,20,0.666667,100,480767.837,5151,10201
geometry_oblate_T20_ar0p909091_size100.csv,oblate,20,0.909091,100,480767.837,5151,10201
geometry_prolate_T20_ar1p0_size105.csv,prolate,20,1.0,105,480767.837,5151,10201
geometry_prolate_T20_ar1p05_size105.csv,prolate,20,1.05,105,480767.837,5151,10201
geometry_prolate_T20_ar1p1_size105.csv,prolate,20,1.1,105,480767.837,5151,10201
geometry_prolate_T20_ar1p15_size105.csv,prolate,20,1.15,105,480767.837,5151,10201
geometry_prolate_T20_ar1p2_size105.csv,prolate,20,1.2,105,480767.837,5151,10201
geometry_prolate_T20_ar1p25_size105.csv,prolate,20,1.25,105,480767.837,5151,10201
geometry_prolate_T20_ar1p3_size105.csv,prolate,20,1.3,105,480767.837,5151,10201
geometry_prolate_T20_ar1p35_size105.csv,prolate,20,1.35,105,480767.837,5151,10201
geometry_prolate_T20_ar1p4_size105.csv,prolate,20,1.4,105,480767.837,5151,10201
geometry_prolate_T20_ar1p45_size105.csv,prolate,20,1.45,105,480767.837,5151,10201
geometry_prolate_T20_ar1p5_size105.csv,prolate,20,1.5,105,480767.837,5151,10201
geometry_prolate_T20_ar1p55_size105.csv,prolate,20,1.55,105,480767.837,5151,10201
geometry_prolate_T20_ar1p6_size105.csv,prolate,20,1.6,105,480767.837,5151,10201
geometry_prolate_T20_ar1p65_size105.csv,prolate,20,1.65,105,480767.837,5151,10201
geometry_prolate_T20_ar1p7_size105.csv,prolate,20,1.7,105,480767.837,5151,10201
geometry_prolate_T20_ar1p75_size105.csv,prolate,20,1.75,105,480767.837,5151,10201
geometry_prolate_T20_ar1p8_size105.csv,prolate,20,1.8,105,480767.837,5151,10201
geometry_prolate_T20_ar1p85_size105.csv,prolate,20,1.85,105,480767.837,5151,10201
geometry_prolate_T20_ar1p9_size105.csv,prolate,20,1.9,105,480767.837,5151,10201
geometry_prolate_T20_ar1p95_size105.csv,prolate,20,1.95,105,480767.837,5151,10201
geometry_prolate_T20_ar2p0_size105.csv,prolate,20,2.0,105,480767.837,5151,10201
geometry_prolate_T20_ar2p25_size105.csv,prolate,20,2.25,105,480767.837,5151,10201
geometry_prolate_T20_ar2p5_size105.csv,prolate,20,2.5,105,480767.837,5151,10201
geometry_prolate_T20_ar2p75_size105.csv,prolate,20,2.75,105,480767.837,5151,10201
geometry_prolate_T20_ar3p0_size105.csv,prolate,20,3.0,105,480767.837,5151,10201
geometry_prolate_T20_ar4p0_size105.csv,prolate,20,4.0,105,480767.837,5151,10201
geometry_prolate_T20_ar5p0_size105.csv,prolate,20,5.0,105,480767.837,5151,10201
geometry_prolate_T20_ar6p0_size105.csv,prolate,20,6.0,105,480767.837,5151,10201
geometry_oblate_T20_ar0p166667_size110.csv,oblate,20,0.166667,110,480767.837,5151,10201
geometry_oblate_T20_ar0p25_size110.csv,oblate,20,0.25,110,480767.837,5151,10201
geometry_oblate_T20_ar0p5_size110.csv,oblate,20,0.5,110,480767.837,5151,10201
geometry_oblate_T20_ar0p666667_size110.csv,oblate,20,0.666667,110,480767.837,5151,10201
geometry_oblate_T20_ar0p909091_size110.csv,oblate,20,0.909091,110,480767.837,5151,10201
geometry_prolate_T20_ar1p0_size115.csv,prolate,20,1.0,115,480767.837,5151,10201
geometry_prolate_T20_ar1p05_size115.csv,prolate,20,1.05,115,480767.837,5151,10201
geometry_prolate_T20_ar1p1_size115.csv,prolate,20,1.1,115,480767.837,5151,10201
geometry_prolate_T20_ar1p15_size115.csv,prolate,20,1.15,115,480767.837,5151,10201
geometry_prolate_T20_ar1p2_size115.csv,prolate,20,1.2,115,480767.837,5151,10201
geometry_prolate_T20_ar1p25_size115.csv,prolate,20,1.25,115,480767.837,5151,10201
geometry_prolate_T20_ar1p3_size115.csv,prolate,20,1.3,115,480767.837,5151,10201
geometry_prolate_T20_ar1p35_size115.csv,prolate,20,1.35,115,480767.837,5151,10201
geometry_prolate_T20_ar1p4_size115.csv,prolate,20,1.4,115,480767.837,5151,10201
geometry_prolate_T20_ar1p45_size115.csv,prolate,20,1.45,115,480767.837,5151,10201
geometry_prolate_T20_ar1p5_size115.csv,prolate,20,1.5,115,480767.837,5151,10201
geometry_prolate_T20_ar1p55_size115.csv,prolate,20,1.55,115,480767.837,5151,10201
geometry_prolate_T20_ar1p6_size115.csv,prolate,20,1.6,115,480767.837,5151,10201
geometry_prolate_T20_ar1p65_size115.csv,prolate,20,1.65,115,480767.837,5151,10201
geometry_prolate_T20_ar1p7_size115.csv,prolate,20,1.7,115,480767.837,5151,10201
geometry_prolate_T20_ar1p75_size115.csv,prolate,20,1.75,115,480767.837,5151,10201
geometry_prolate_T20_ar1p8_size115.csv,prolate,20,1.8,115,480767.837,5151,10201
geometry_prolate_T20_ar1p85_size115.csv,prolate,20,1.85,115,480767.837,5151,10201
geometry_prolate_T20_ar1p9_size115.csv,prolate,20,1.9,115,480767.837,5151,10201
geometry_prolate_T20_ar1p95_size115.csv,prolate,20,1.95,115,480767.837,5151,10201
geometry_prolate_T20_ar2p0_size115.csv,prolate,20,2.0,115,480767.837,5151,10201
geometry_prolate_T20_ar2p25_size115.csv,prolate,20,2.25,115,480767.837,5151,10201
geometry_prolate_T20_ar2p5_size115.csv,prolate,20,2.5,115,480767.837,5151,10201
geometry_prolate_T20_ar2p75_size115.csv,prolate,20,2.75,115,480767.837,5151,10201
geometry_prolate_T20_ar3p0_size115.csv,prolate,20,3.0,115,480767.837,5151,10201
geometry_prolate_T20_ar4p0_size115.csv,prolate,20,4.0,115,480767.837,5151,10201
geometry_prolate_T20_ar5p0_size115.csv,prolate,20,5.0,115,480767.837,5151,10201
geometry_prolate_T20_ar6p0_size115.csv,prolate,20,6.0,115,480767.837,5151,10201
geometry_oblate_T20_ar0p166667_size120.csv,oblate,20,0.166667,120,480767.837,5151,10201
geometry_oblate_T20_ar0p25_size120.csv,oblate,20,0.25,120,480767.837,5151,10201
geometry_oblate_T20_ar0p5_size120.csv,oblate,20,0.5,120,480767.837,5151,10201
geometry_oblate_T20_ar0p666667_size120.csv,oblate,20,0.666667,120,480767.837,5151,10201
geometry_oblate_T20_ar0p909091_size120.csv,oblate,20,0.909091,120,480767.837,5151,10201
geometry_prolate_T20_ar1p0_size125.csv,prolate,20,1.0,125,480767.837,5151,10201
geometry_prolate_T20_ar1p05_size125.csv,prolate,20,1.05,125,480767.837,5151,10201
geometry_prolate_T20_ar1p1_size125.csv,prolate,20,1.1,125,480767.837,5151,10201
geometry_prolate_T20_ar1p15_size125.csv,prolate,20,1.15,125,480767.837,5151,10201
geometry_prolate_T20_ar1p2_size125.csv,prolate,20,1.2,125,480767.837,5151,10201
geometry_prolate_T20_ar1p25_size125.csv,prolate,20,1.25,125,480767.837,5151,10201
geometry_prolate_T20_ar1p3_size125.csv,prolate,20,1.3,125,480767.837,5151,10201
geometry_prolate_T20_ar1p35_size125.csv,prolate,20,1.35,125,480767.837,5151,10201
geometry_prolate_T20_ar1p4_size125.csv,prolate,20,1.4,125,480767.837,5151,10201
geometry_prolate_T20_ar1p45_size125.csv,prolate,20,1.45,125,480767.837,5151,10201
geometry_prolate_T20_ar1p5_size125.csv,prolate,20,1.5,125,480767.837,5151,10201
geometry_prolate_T20_ar1p55_size125.csv,prolate,20,1.55,125,480767.837,5151,10201
geometry_prolate_T20_ar1p6_size125.csv,prolate,20,1.6,125,480767.837,5151,10201
geometry_prolate_T20_ar1p65_size125.csv,prolate,20,1.65,125,480767.837,5151,10201
geometry_prolate_T20_ar1p7_size125.csv,prolate,20,1.7,125,480767.837,5151,10201
geometry_prolate_T20_ar1p75_size125.csv,prolate,20,1.75,125,480767.837,5151,10201
geometry_prolate_T20_ar1p8_size125.csv,prolate,20,1.8,125,480767.837,5151,10201
geometry_prolate_T20_ar1p85_size125.csv,prolate,20,1.85,125,480767.837,5151,10201
geometry_prolate_T20_ar1p9_size125.csv,prolate,20,1.9,125,480767.837,5151,10201
geometry_prolate_T20_ar1p95_size125.csv,prolate,20,1.95,125,480767.837,5151,10201
geometry_prolate_T20_ar2p0_size125.csv,prolate,20,2.0,125,480767.837,5151,10201
geometry_prolate_T20_ar2p25_size125.csv,prolate,20,2.25,125,480767.837,5151,10201
geometry_prolate_T20_ar2p5_size125.csv,prolate,20,2.5,125,480767.837,5151,10201
geometry_prolate_T20_ar2p75_size125.csv,prolate,20,2.75,125,480767.837,5151,10201
geometry_prolate_T20_ar3p0_size125.csv,prolate,20,3.0,125,480767.837,5151,10201
geometry_prolate_T20_ar4p0_size125.csv,prolate,20,4.0,125,480767.837,5151,10201
geometry_prolate_T20_ar5p0_size125.csv,prolate,20,5.0,125,480767.837,5151,10201
geometry_prolate_T20_ar6p0_size125.csv,prolate,20,6.0,125,480767.837,5151,10201
geometry_oblate_T20_ar0p166667_size130.csv,oblate,20,0.166667,130,480767.837,5151,10201
geometry_oblate_T20_ar0p25_size130.csv,oblate,20,0.25,130,480767.837,5151,10201
geometry_oblate_T20_ar0p5_size130.csv,oblate,20,0.5,130,480767.837,5151,10201
geometry_oblate_T20_ar0p666667_size130.csv,oblate,20,0.666667,130,480767.837,5151,10201
geometry_oblate_T20_ar0p909091_size130.csv,oblate,20,0.909091,130,480767.837,5151,10201
geometry_prolate_T20_ar1p0_size135.csv,prolate,20,1.0,135,480767.837,5151,10201
geometry_prolate_T20_ar1p05_size135.csv,prolate,20,1.05,135,480767.837,5151,10201
geometry_prolate_T20_ar1p1_size135.csv,prolate,20,1.1,135,480767.837,5151,10201
geometry_prolate_T20_ar1p15_size135.csv,prolate,20,1.15,135,480767.837,5151,10201
geometry_prolate_T20_ar1p2_size135.csv,prolate,20,1.2,135,480767.837,5151,10201
geometry_prolate_T20_ar1p25_size135.csv,prolate,20,1.25,135,480767.837,5151,10201
geometry_prolate_T20_ar1p3_size135.csv,prolate,20,1.3,135,480767.837,5151,10201
geometry_prolate_T20_ar1p35_size135.csv,prolate,20,1.35,135,480767.837,5151,10201
geometry_prolate_T20_ar1p4_size135.csv,prolate,20,1.4,135,480767.837,5151,10201
geometry_prolate_T20_ar1p45_size135.csv,prolate,20,1.45,135,480767.837,5151,10201
geometry_prolate_T20_ar1p5_size135.csv,prolate,20,1.5,135,480767.837,5151,10201
geometry_prolate_T20_ar1p55_size135.csv,prolate,20,1.55,135,480767.837,5151,10201
geometry_prolate_T20_ar1p6_size135.csv,prolate,20,1.6,135,480767.837,5151,10201
geometry_prolate_T20_ar1p65_size135.csv,prolate,20,1.65,135,480767.837,5151,10201
geometry_prolate_T20_ar1p7_size135.csv,prolate,20,1.7,135,480767.837,5151,10201
geometry_prolate_T20_ar1p75_size135.csv,prolate,20,1.75,135,480767.837,5151,10201
geometry_prolate_T20_ar1p8_size135.csv,prolate,20,1.8,135,480767.837,5151,10201
geometry_prolate_T20_ar1p85_size135.csv,prolate,20,1.85,135,480767.837,5151,10201
geometry_prolate_T20_ar1p9_size135.csv,prolate,20,1.9,135,480767.837,5151,10201
geometry_prolate_T20_ar1p95_size135.csv,prolate,20,1.95,135,480767.837,5151,10201
geometry_prolate_T20_ar2p0_size135.csv,prolate,20,2.0,135,480767.837,5151,10201
geometry_prolate_T20_ar2p25_size135.csv,prolate,20,2.25,135,480767.837,5151,10201
geometry_prolate_T20_ar2p5_size135.csv,prolate,20,2.5,135,480767.837,5151,10201
geometry_prolate_T20_ar2p75_size135.csv,prolate,20,2.75,135,480767.837,5151,10201
geometry_prolate_T20_ar3p0_size135.csv,prolate,20,3.0,135,480767.837,5151,10201
geometry_prolate_T20_ar4p0_size135.csv,prolate,20,4.0,135,480767.837,5151,10201
geometry_prolate_T20_ar5p0_size135.csv,prolate,20,5.0,135,480767.837,5151,10201
geometry_prolate_T20_ar6p0_size135.csv,prolate,20,6.0,135,480767.837,5151,10201
geometry_oblate_T20_ar0p166667_size140.csv,oblate,20,0.166667,140,480767.837,5151,10201
geometry_oblate_T20_ar0p25_size140.csv,oblate,20,0.25,140,480767.837,5151,10201
geometry_oblate_T20_ar0p5_size140.csv,oblate,20,0.5,140,480767.837,5151,10201
geometry_oblate_T20_ar0p666667_size140.csv,oblate,20,0.666667,140,480767.837,5151,10201
geometry_oblate_T20_ar0p909091_size140.csv,oblate,20,0.909091,140,480767.837,5151,10201
geometry_prolate_T20_ar1p0_size145.csv,prolate,20,1.0,145,480767.837,5151,10201
geometry_prolate_T20_ar1p05_size145.csv,prolate,20,1.05,145,480767.837,5151,10201
geometry_prolate_T20_ar1p1_size145.csv,prolate,20,1.1,145,480767.837,5151,10201
geometry_prolate_T20_ar1p15_size145.csv,prolate,20,1.15,145,480767.837,5151,10201
geometry_prolate_T20_ar1p2_size145.csv,prolate,20,1.2,145,480767.837,5151,10201
geometry_prolate_T20_ar1p25_size145.csv,prolate,20,1.25,145,480767.837,5151,10201
geometry_prolate_T20_ar1p3_size145.csv,prolate,20,1.3,145,480767.837,5151,10201
geometry_prolate_T20_ar1p35_size145.csv,prolate,20,1.35,145,480767.837,5151,10201
geometry_prolate_T20_ar1p4_size145.csv,prolate,20,1.4,145,480767.837,5151,10201
geometry_prolate_T20_ar1p45_size145.csv,prolate,20,1.45,145,480767.837,5151,10201
geometry_prolate_T20_ar1p5_size145.csv,prolate,20,1.5,145,480767.837,5151,10201
geometry_prolate_T20_ar1p55_size145.csv,prolate,20,1.55,145,480767.837,5151,10201
geometry_prolate_T20_ar1p6_size145.csv,prolate,20,1.6,145,480767.837,5151,10201
geometry_prolate_T20_ar1p65_size145.csv,prolate,20,1.65,145,480767.837,5151,10201
geometry_prolate_T20_ar1p7_size145.csv,prolate,20,1.7,145,480767.837,5151,10201
geometry_prolate_T20_ar1p75_size145.csv,prolate,20,1.75,145,480767.837,5151,10201
geometry_prolate_T20_ar1p8_size145.csv,prolate,20,1.8,145,480767.837,5151,10201
geometry_prolate_T20_ar1p85_size145.csv,prolate,20,1.85,145,480767.837,5151,10201
geometry_prolate_T20_ar1p9_size145.csv,prolate,20,1.9,145,480767.837,5151,10201
geometry_prolate_T20_ar1p95_size145.csv,prolate,20,1.95,145,480767.837,5151,10201
geometry_prolate_T20_ar2p0_size145.csv,prolate,20,2.0,145,480767.837,5151,10201
geometry_prolate_T20_ar2p25_size145.csv,prolate,20,2.25,145,480767.837,5151,10201
geometry_prolate_T20_ar2p5_size145.csv,prolate,20,2.5,145,480767.837,5151,10201
geometry_prolate_T20_ar2p75_size145.csv,prolate,20,2.75,145,480767.837,5151,10201
geometry_prolate_T20_ar3p0_size145.csv,prolate,20,3.0,145,480767.837,5151,10201
geometry_prolate_T20_ar4p0_size145.csv,prolate,20,4.0,145,480767.837,5151,10201
geometry_prolate_T20_ar5p0_size145.csv,prolate,20,5.0,145,480767.837,5151,10201
geometry_prolate_T20_ar6p0_size145.csv,prolate,20,6.0,145,480767.837,5151,10201
geometry_oblate_T20_ar0p166667_size150.csv,oblate,20,0.166667,150,480767.837,5151,10201
geometry_oblate_T20_ar0p25_size150.csv,oblate,20,0.25,150,480767.837,5151,10201
geometry_oblate_T20_ar0p5_size150.csv,oblate,20,0.5,150,480767.837,5151,10201
geometry_oblate_T20_ar0p666667_size150.csv,oblate,20,0.666667,150,480767.837,5151,10201
geometry_oblate_T20_ar0p909091_size150.csv,oblate,20,0.909091,150,480767.837,5151,10201
geometry_prolate_T20_ar1p0_size155.csv,prolate,20,1.0,155,480767.837,5151,10201
geometry_prolate_T20_ar1p05_size155.csv,prolate,20,1.05,155,480767.837,5151,10201
geometry_prolate_T20_ar1p1_size155.csv,prolate,20,1.1,155,480767.837,5151,10201
geometry_prolate_T20_ar1p15_size155.csv,prolate,20,1.15,155,480767.837,5151,10201
geometry_prolate_T20_ar1p2_size155.csv,prolate,20,1.2,155,480767.837,5151,10201
geometry_prolate_T20_ar1p25_size155.csv,prolate,20,1.25,155,480767.837,5151,10201
geometry_prolate_T20_ar1p3_size155.csv,prolate,20,1.3,155,480767.837,5151,10201
geometry_prolate_T20_ar1p35_size155.csv,prolate,20,1.35,155,480767.837,5151,10201
geometry_prolate_T20_ar1p4_size155.csv,prolate,20,1.4,155,480767.837,5151,10201
geometry_prolate_T20_ar1p45_size155.csv,prolate,20,1.45,155,480767.837,5151,10201
geometry_prolate_T20_ar1p5_size155.csv,prolate,20,1.5,155,480767.837,5151,10201
geometry_prolate_T20_ar1p55_size155.csv,prolate,20,1.55,155,480767.837,5151,10201
geometry_prolate_T20_ar1p6_size155.csv,prolate,20,1.6,155,480767.837,5151,10201
geometry_prolate_T20_ar1p65_size155.csv,prolate,20,1.65,155,480767.837,5151,10201
geometry_prolate_T20_ar1p7_size155.csv,prolate,20,1.7,155,480767.837,5151,10201
geometry_prolate_T20_ar1p75_size155.csv,prolate,20,1.75,155,480767.837,5151,10201
geometry_prolate_T20_ar1p8_size155.csv,prolate,20,1.8,155,480767.837,5151,10201
geometry_prolate_T20_ar1p85_size155.csv,prolate,20,1.85,155,480767.837,5151,10201
geometry_prolate_T20_ar1p9_size155.csv,prolate,20,1.9,155,480767.837,5151,10201
geometry_prolate_T20_ar1p95_size155.csv,prolate,20,1.95,155,480767.837,5151,10201
geometry_prolate_T20_ar2p0_size155.csv,prolate,20,2.0,155,480767.837,5151,10201
geometry_prolate_T20_ar2p25_size155.csv,prolate,20,2.25,155,480767.837,5151,10201
geometry_prolate_T20_ar2p5_size155.csv,prolate,20,2.5,155,480767.837,5151,10201
geometry_prolate_T20_ar2p75_size155.csv,prolate,20,2.75,155,480767.837,5151,10201
geometry_prolate_T20_ar3p0_size155.csv,prolate,20,3.0,155,480767.837,5151,10201
geometry_prolate_T20_ar4p0_size155.csv,prolate,20,4.0,155,480767.837,5151,10201
geometry_prolate_T20_ar5p0_size155.csv,prolate,20,5.0,155,480767.837,5151,10201
geometry_prolate_T20_ar6p0_size155.csv,prolate,20,6.0,155,480767.837,5151,10201
geometry_oblate_T20_ar0p166667_size160.csv,oblate,20,0.166667,160,480767.837,5151,10201
geometry_oblate_T20_ar0p25_size160.csv,oblate,20,0.25,160,480767.837,5151,10201
geometry_oblate_T20_ar0p5_size160.csv,oblate,20,0.5,160,480767.837,5151,10201
geometry_oblate_T20_ar0p666667_size160.csv,oblate,20,0.666667,160,480767.837,5151,10201
geometry_oblate_T20_ar0p909091_size160.csv,oblate,20,0.909091,160,480767.837,5151,10201
geometry_prolate_T20_ar1p0_size165.csv,prolate,20,1.0,165,480767.837,5151,10201
geometry_prolate_T20_ar1p05_size165.csv,prolate,20,1.05,165,480767.837,5151,10201
geometry_prolate_T20_ar1p1_size165.csv,prolate,20,1.1,165,480767.837,5151,10201
geometry_prolate_T20_ar1p15_size165.csv,prolate,20,1.15,165,480767.837,5151,10201
geometry_prolate_T20_ar1p2_size165.csv,prolate,20,1.2,165,480767.837,5151,10201
geometry_prolate_T20_ar1p25_size165.csv,prolate,20,1.25,165,480767.837,5151,10201
geometry_prolate_T20_ar1p3_size165.csv,prolate,20,1.3,165,480767.837,5151,10201
geometry_prolate_T20_ar1p35_size165.csv,prolate,20,1.35,165,480767.837,5151,10201
geometry_prolate_T20_ar1p4_size165.csv,prolate,20,1.4,165,480767.837,5151,10201
geometry_prolate_T20_ar1p45_size165.csv,prolate,20,1.45,165,480767.837,5151,10201
geometry_prolate_T20_ar1p5_size165.csv,prolate,20,1.5,165,480767.837,5151,10201
geometry_prolate_T20_ar1p55_size165.csv,prolate,20,1.55,165,480767.837,5151,10201
geometry_prolate_T20_ar1p6_size165.csv,prolate,20,1.6,165,480767.837,5151,10201
geometry_prolate_T20_ar1p65_size165.csv,prolate,20,1.65,165,480767.837,5151,10201
geometry_prolate_T20_ar1p7_size165.csv,prolate,20,1.7,165,480767.837,5151,10201
geometry_prolate_T20_ar1p75_size165.csv,prolate,20,1.75,165,480767.837,5151,10201
geometry_prolate_T20_ar1p8_size165.csv,prolate,20,1.8,165,480767.837,5151,10201
geometry_prolate_T20_ar1p85_size165.csv,prolate,20,1.85,165,480767.837,5151,10201
geometry_prolate_T20_ar1p9_size165.csv,prolate,20,1.9,165,480767.837,5151,10201
geometry_prolate_T20_ar1p95_size165.csv,prolate,20,1.95,165,480767.837,5151,10201
geometry_prolate_T20_ar2p0_size165.csv,prolate,20,2.0,165,480767.837,5151,10201
geometry_prolate_T20_ar2p25_size165.csv,prolate,20,2.25,165,480767.837,5151,10201
geometry_prolate_T20_ar2p5_size165.csv,prolate,20,2.5,165,480767.837,5151,10201
geometry_prolate_T20_ar2p75_size165.csv,prolate,20,2.75,165,480767.837,5151,10201
geometry_prolate_T20_ar3p0_size165.csv,prolate,20,3.0,165,480767.837,5151,10201
geometry_prolate_T20_ar4p0_size165.csv,prolate,20,4.0,165,480767.837,5151,10201
geometry_prolate_T20_ar5p0_size165.csv,prolate,20,5.0,165,480767.837,5151,10201
geometry_prolate_T20_ar6p0_size165.csv,prolate,20,6.0,165,480767.837,5151,10201
geometry_oblate_T20_ar0p166667_size170.csv,oblate,20,0.166667,170,480767.837,5151,10201
geometry_oblate_T20_ar0p25_size170.csv,oblate,20,0.25,170,480767.837,5151,10201
geometry_oblate_T20_ar0p5_size170.csv,oblate,20,0.5,170,480767.837,5151,10201
geometry_oblate_T20_ar0p666667_size170.csv,oblate,20,0.666667,170,480767.837,5151,10201
geometry_oblate_T20_ar0p909091_size170.csv,oblate,20,0.909091,170,480767.837,5151,10201
geometry_prolate_T20_ar1p0_size175.csv,prolate,20,1.0,175,480767.837,5151,10201
geometry_prolate_T20_ar1p05_size175.csv,prolate,20,1.05,175,480767.837,5151,10201
geometry_prolate_T20_ar1p1_size175.csv,prolate,20,1.1,175,480767.837,5151,10201
geometry_prolate_T20_ar1p15_size175.csv,prolate,20,1.15,175,480767.837,5151,10201
geometry_prolate_T20_ar1p2_size175.csv,prolate,20,1.2,175,480767.837,5151,10201
geometry_prolate_T20_ar1p25_size175.csv,prolate,20,1.25,175,480767.837,5151,10201
geometry_prolate_T20_ar1p3_size175.csv,prolate,20,1.3,175,480767.837,5151,10201
geometry_prolate_T20_ar1p35_size175.csv,prolate,20,1.35,175,480767.837,5151,10201
geometry_prolate_T20_ar1p4_size175.csv,prolate,20,1.4,175,480767.837,5151,10201
geometry_prolate_T20_ar1p45_size175.csv,prolate,20,1.45,175,480767.837,5151,10201
geometry_prolate_T20_ar1p5_size175.csv,prolate,20,1.5,175,480767.837,5151,10201
geometry_prolate_T20_ar1p55_size175.csv,prolate,20,1.55,175,480767.837,5151,10201
geometry_prolate_T20_ar1p6_size175.csv,prolate,20,1.6,175,480767.837,5151,10201
geometry_prolate_T20_ar1p65_size175.csv,prolate,20,1.65,175,480767.837,5151,10201
geometry_prolate_T20_ar1p7_size175.csv,prolate,20,1.7,175,480767.837,5151,10201
geometry_prolate_T20_ar1p75_size175.csv,prolate,20,1.75,175,480767.837,5151,10201
geometry_prolate_T20_ar1p8_size175.csv,prolate,20,1.8,175,480767.837,5151,10201
geometry_prolate_T20_ar1p85_size175.csv,prolate,20,1.85,175,480767.837,5151,10201
geometry_prolate_T20_ar1p9_size175.csv,prolate,20,1.9,175,480767.837,5151,10201
geometry_prolate_T20_ar1p95_size175.csv,prolate,20,1.95,175,480767.837,5151,10201
geometry_prolate_T20_ar2p0_size175.csv,prolate,20,2.0,175,480767.837,5151,10201
geometry_prolate_T20_ar2p25_size175.csv,prolate,20,2.25,175,480767.837,5151,10201
geometry_prolate_T20_ar2p5_size175.csv,prolate,20,2.5,175,480767.837,5151,10201
geometry_prolate_T20_ar2p75_size175.csv,prolate,20,2.75,175,480767.837,5151,10201
geometry_prolate_T20_ar3p0_size175.csv,prolate,20,3.0,175,480767.837,5151,10201
geometry_prolate_T20_ar4p0_size175.csv,prolate,20,4.0,175,480767.837,5151,10201
geometry_prolate_T20_ar5p0_size175.csv,prolate,20,5.0,175,480767.837,5151,10201
geometry_prolate_T20_ar6p0_size175.csv,prolate,20,6.0,175,480767.837,5151,10201
geometry_oblate_T20_ar0p166667_size180.csv,oblate,20,0.166667,180,480767.837,5151,10201
geometry_oblate_T20_ar0p25_size180.csv,oblate,20,0.25,180,480767.837,5151,10201
geometry_oblate_T20_ar0p5_size180.csv,oblate,20,0.5,180,480767.837,5151,10201
geometry_oblate_T20_ar0p666667_size180.csv,oblate,20,0.666667,180,480767.837,5151,10201
geometry_oblate_T20_ar0p909091_size180.csv,oblate,20,0.909091,180,480767.837,5151,10201
geometry_prolate_T20_ar1p0_size185.csv,prolate,20,1.0,185,480767.837,5151,10201
geometry_prolate_T20_ar1p05_size185.csv,prolate,20,1.05,185,480767.837,5151,10201
geometry_prolate_T20_ar1p1_size185.csv,prolate,20,1.1,185,480767.837,5151,10201
geometry_prolate_T20_ar1p15_size185.csv,prolate,20,1.15,185,480767.837,5151,10201
geometry_prolate_T20_ar1p2_size185.csv,prolate,20,1.2,185,480767.837,5151,10201
geometry_prolate_T20_ar1p25_size185.csv,prolate,20,1.25,185,480767.837,5151,10201
geometry_prolate_T20_ar1p3_size185.csv,prolate,20,1.3,185,480767.837,5151,10201
geometry_prolate_T20_ar1p35_size185.csv,prolate,20,1.35,185,480767.837,5151,10201
geometry_prolate_T20_ar1p4_size185.csv,prolate,20,1.4,185,480767.837,5151,10201
geometry_prolate_T20_ar1p45_size185.csv,prolate,20,1.45,185,480767.837,5151,10201
geometry_prolate_T20_ar1p5_size185.csv,prolate,20,1.5,185,480767.837,5151,10201
geometry_prolate_T20_ar1p55_size185.csv,prolate,20,1.55,185,480767.837,5151,10201
geometry_prolate_T20_ar1p6_size185.csv,prolate,20,1.6,185,480767.837,5151,10201
geometry_prolate_T20_ar1p65_size185.csv,prolate,20,1.65,185,480767.837,5151,10201
geometry_prolate_T20_ar1p7_size185.csv,prolate,20,1.7,185,480767.837,5151,10201
geometry_prolate_T20_ar1p75_size185.csv,prolate,20,1.75,185,480767.837,5151,10201
geometry_prolate_T20_ar1p8_size185.csv,prolate,20,1.8,185,480767.837,5151,10201
geometry_prolate_T20_ar1p85_size185.csv,prolate,20,1.85,185,480767.837,5151,10201
geometry_prolate_T20_ar1p9_size185.csv,prolate,20,1.9,185,480767.837,5151,10201
geometry_prolate_T20_ar1p95_size185.csv,prolate,20,1.95,185,480767.837,5151,10201
geometry_prolate_T20_ar2p0_size185.csv,prolate,20,2.0,185,480767.837,5151,10201
geometry_prolate_T20_ar2p25_size185.csv,prolate,20,2.25,185,480767.837,5151,10201
geometry_prolate_T20_ar2p5_size185.csv,prolate,20,2.5,185,480767.837,5151,10201
geometry_prolate_T20_ar2p75_size185.csv,prolate,20,2.75,185,480767.837,5151,10201
geometry_prolate_T20_ar3p0_size185.csv,prolate,20,3.0,185,480767.837,5151,10201
geometry_prolate_T20_ar4p0_size185.csv,prolate,20,4.0,185,480767.837,5151,10201
geometry_prolate_T20_ar5p0_size185.csv,prolate,20,5.0,185,480767.837,5151,10201
geometry_prolate_T20_ar6p0_size185.csv,prolate,20,6.0,185,480767.837,5151,10201
geometry_oblate_T20_ar0p166667_size190.csv,oblate,20,0.166667,190,480767.837,5151,10201
geometry_oblate_T20_ar0p25_size190.csv,oblate,20,0.25,190,480767.837,5151,10201
geometry_oblate_T20_ar0p5_size190.csv,oblate,20,0.5,190,480767.837,5151,10201
geometry_oblate_T20_ar0p666667_size190.csv,oblate,20,0.666667,190,480767.837,5151,10201
geometry_oblate_T20_ar0p909091_size190.csv,oblate,20,0.909091,190,480767.837,5151,10201
geometry_prolate_T20_ar1p0_size195.csv,prolate,20,1.0,195,480767.837,5151,10201
geometry_prolate_T20_ar1p05_size195.csv,prolate,20,1.05,195,480767.837,5151,10201
geometry_prolate_T20_ar1p1_size195.csv,prolate,20,1.1,195,480767.837,5151,10201
geometry_prolate_T20_ar1p15_size195.csv,prolate,20,1.15,195,480767.837,5151,10201
geometry_prolate_T20_ar1p2_size195.csv,prolate,20,1.2,195,480767.837,5151,10201
geometry_prolate_T20_ar1p25_size195.csv,prolate,20,1.25,195,480767.837,5151,10201
geometry_prolate_T20_ar1p3_size195.csv,prolate,20,1.3,195,480767.837,5151,10201
geometry_prolate_T20_ar1p35_size195.csv,prolate,20,1.35,195,480767.837,5151,10201
geometry_prolate_T20_ar1p4_size195.csv,prolate,20,1.4,195,480767.837,5151,10201
geometry_prolate_T20_ar1p45_size195.csv,prolate,20,1.45,195,480767.837,5151,10201
geometry_prolate_T20_ar1p5_size195.csv,prolate,20,1.5,195,480767.837,5151,10201
geometry_prolate_T20_ar1p55_size195.csv,prolate,20,1.55,195,480767.837,5151,10201
geometry_prolate_T20_ar1p6_size195.csv,prolate,20,1.6,195,480767.837,5151,10201
geometry_prolate_T20_ar1p65_size195.csv,prolate,20,1.65,195,480767.837,5151,10201
geometry_prolate_T20_ar1p7_size195.csv,prolate,20,1.7,195,480767.837,5151,10201
geometry_prolate_T20_ar1p75_size195.csv,prolate,20,1.75,195,480767.837,5151,10201
geometry_prolate_T20_ar1p8_size195.csv,prolate,20,1.8,195,480767.837,5151,10201
geometry_prolate_T20_ar1p85_size195.csv,prolate,20,1.85,195,480767.837,5151,10201
geometry_prolate_T20_ar1p9_size195.csv,prolate,20,1.9,195,480767.837,5151,10201
geometry_prolate_T20_ar1p95_size195.csv,prolate,20,1.95,195,480767.837,5151,10201
geometry_prolate_T20_ar2p0_size195.csv,prolate,20,2.0,195,480767.837,5151,10201
geometry_prolate_T20_ar2p25_size195.csv,prolate,20,2.25,195,480767.837,5151,10201
geometry_prolate_T20_ar2p5_size195.csv,prolate,20,2.5,195,480767.837,5151,10201
geometry_prolate_T20_ar2p75_size195.csv,prolate,20,2.75,195,480767.837,5151,10201
geometry_prolate_T20_ar3p0_size195.csv,prolate,20,3.0,195,480767.837,5151,10201
geometry_prolate_T20_ar4p0_size195.csv,prolate,20,4.0,195,480767.837,5151,10201
geometry_prolate_T20_ar5p0_size195.csv,prolate,20,5.0,195,480767.837,5151,10201
geometry_prolate_T20_ar6p0_size195.csv,prolate,20,6.0,195,480767.837,5151,10201
geometry_oblate_T20_ar0p5_size240.csv,oblate,20,0.5,240,482476.911,5151,10201
geometry_prolate_T20_ar2p25_size240.csv,prolate,20,2.25,240,482476.911,5151,10201
geometry_oblate_T20_ar0p9091_size240.csv,oblate,20,0.9091,240,482476.911,5151,10201
geometry_prolate_T20_ar2p75_size240.csv,prolate,20,2.75,240,482476.911,5151,10201
geometry_prolate_T20_ar2p0_size240.csv,prolate,20,2.0,240,482476.911,5151,10201
geometry_oblate_T20_ar0p25_size240.csv,oblate,20,0.25,240,482476.911,5151,10201
geometry_prolate_T20_ar1p0_size240.csv,prolate,20,1.0,240,482476.911,5151,10201
geometry_oblate_T20_ar0p125_size240.csv,oblate,20,0.125,240,482476.911,5151,10201
geometry_prolate_T20_ar1p75_size240.csv,prolate,20,1.75,240,482476.911,5151,10201
geometry_prolate_T20_ar6p0_size240.csv,prolate,20,6.0,240,482476.911,5151,10201
geometry_prolate_T20_ar1p25_size240.csv,prolate,20,1.25,240,482476.911,5151,10201
geometry_prolate_T20_ar2p5_size240.csv,prolate,20,2.5,240,482476.911,5151,10201
geometry_oblate_T20_ar0p6667_size240.csv,oblate,20,0.6667,240,482476.911,5151,10201
geometry_prolate_T20_ar1p5_size240.csv,prolate,20,1.5,240,482476.911,5151,10201
geometry_oblate_T20_ar0p1667_size240.csv,oblate,20,0.1667,240,482476.911,5151,10201
geometry_oblate_T20_ar0p09091_size240.csv,oblate,20,0.09091,240,482476.911,5151,10201
geometry_oblate_T20_ar0p5_size400.csv,oblate,20,0.5,400,482476.911,5151,10201
geometry_prolate_T20_ar2p25_size400.csv,prolate,20,2.25,400,482476.911,5151,10201
geometry_oblate_T20_ar0p9091_size400.csv,oblate,20,0.9091,400,482476.911,5151,10201
geometry_prolate_T20_ar2p75_size400.csv,prolate,20,2.75,400,482476.911,5151,10201
geometry_prolate_T20_ar2p0_size400.csv,prolate,20,2.0,400,482476.911,5151,10201
geometry_oblate_T20_ar0p25_size400.csv,oblate,20,0.25,400,482476.911,5151,10201
geometry_prolate_T20_ar1p0_size400.csv,prolate,20,1.0,400,482476.911,5151,10201
geometry_oblate_T20_ar0p125_size400.csv,oblate,20,0.125,400,482476.911,5151,10201
geometry_prolate_T20_ar1p75_size400.csv,prolate,20,1.75,400,482476.911,5151,10201
geometry_prolate_T20_ar6p0_size400.csv,prolate,20,6.0,400,482476.911,5151,10201
geometry_prolate_T20_ar1p25_size400.csv,prolate,20,1.25,400,482476.911,5151,10201
geometry_prolate_T20_ar2p5_size400.csv,prolate,20,2.5,400,482476.911,5151,10201
geometry_oblate_T20_ar0p6667_size400.csv,oblate,20,0.6667,400,482476.911,5151,10201
geometry_prolate_T20_ar1p5_size400.csv,prolate,20,1.5,400,482476.911,5151,10201
geometry_oblate_T20_ar0p1667_size400.csv,oblate,20,0.1667,400,482476.911,5151,10201
geometry_oblate_T20_ar0p09091_size400.csv,oblate,20,0.09091,400,482476.911,5151,10201
geometry_oblate_T20_ar0p5_size320.csv,oblate,20,0.5,320,482476.911,5151,10201
geometry_prolate_T20_ar2p25_size320.csv,prolate,20,2.25,320,482476.911,5151,10201
geometry_oblate_T20_ar0p9091_size320.csv,oblate,20,0.9091,320,482476.911,5151,10201
geometry_prolate_T20_ar2p75_size320.csv,prolate,20,2.75,320,482476.911,5151,10201
geometry_prolate_T20_ar2p0_size320.csv,prolate,20,2.0,320,482476.911,5151,10201
geometry_oblate_T20_ar0p25_size320.csv,oblate,20,0.25,320,482476.911,5151,10201
geometry_prolate_T20_ar1p0_size320.csv,prolate,20,1.0,320,482476.911,5151,10201
geometry_oblate_T20_ar0p125_size320.csv,oblate,20,0.125,320,482476.911,5151,10201
geometry_prolate_T20_ar1p75_size320.csv,prolate,20,1.75,320,482476.911,5151,10201
geometry_prolate_T20_ar6p0_size320.csv,prolate,20,6.0,320,482476.911,5151,10201
geometry_prolate_T20_ar1p25_size320.csv,prolate,20,1.25,320,482476.911,5151,10201
geometry_prolate_T20_ar2p5_size320.csv,prolate,20,2.5,320,482476.911,5151,10201
geometry_oblate_T20_ar0p6667_size320.csv,oblate,20,0.6667,320,482476.911,5151,10201
geometry_prolate_T20_ar1p5_size320.csv,prolate,20,1.5,320,482476.911,5151,10201
geometry_oblate_T20_ar0p1667_size320.csv,oblate,20,0.1667,320,482476.911,5151,10201
geometry_oblate_T20_ar0p09091_size320.csv,oblate,20,0.09091,320,482476.911,5151,10201
geometry_oblate_T20_ar0p5_size280.csv,oblate,20,0.5,280,482476.911,5151,10201
geometry_prolate_T20_ar2p25_size280.csv,prolate,20,2.25,280,482476.911,5151,10201
geometry_oblate_T20_ar0p9091_size280.csv,oblate,20,0.9091,280,482476.911,5151,10201
geometry_prolate_T20_ar2p75_size280.csv,prolate,20,2.75,280,482476.911,5151,10201
geometry_prolate_T20_ar2p0_size280.csv,prolate,20,2.0,280,482476.911,5151,10201
geometry_oblate_T20_ar0p25_size280.csv,oblate,20,0.25,280,482476.911,5151,10201
geometry_prolate_T20_ar1p0_size280.csv,prolate,20,1.0,280,482476.911,5151,10201
geometry_oblate_T20_ar0p125_size280.csv,oblate,20,0.125,280,482476.911,5151,10201
geometry_prolate_T20_ar1p75_size280.csv,prolate,20,1.75,280,482476.911,5151,10201
geometry_prolate_T20_ar6p0_size280.csv,prolate,20,6.0,280,482476.911,5151,10201
geometry_prolate_T20_ar1p25_size280.csv,prolate,20,1.25,280,482476.911,5151,10201
geometry_prolate_T20_ar2p5_size280.csv,prolate,20,2.5,280,482476.911,5151,10201
geometry_oblate_T20_ar0p6667_size280.csv,oblate,20,0.6667,280,482476.911,5151,10201
geometry_prolate_T20_ar1p5_size280.csv,prolate,20,1.5,280,482476.911,5151,10201
geometry_oblate_T20_ar0p1667_size280.csv,oblate,20,0.1667,280,482476.911,5151,10201
geometry_oblate_T20_ar0p09091_size280.csv,oblate,20,0.09091,280,482476.911,5151,10201
